"id","internaltime","timestampDate","timestampUnix","teamname","telemetry"
102577,3857118,"2026-01-23 10:19:16",1769163556,"spasic","01024F4B04504F535400000000000000",
102594,3857148,"2026-01-23 10:19:46",1769163586,"spasic","07000100040000000000000002010000",
102608,3857169,"2026-01-23 10:20:07",1769163607,"spasic","01024F4B04504F535400000000000000",
102633,3857209,"2026-01-23 10:20:47",1769163647,"spasic","07000100040000000000000002010000",
102661,3857250,"2026-01-23 10:21:28",1769163688,"spasic","490001015E66EE5FA64B736900000000",
102687,3857290,"2026-01-23 10:22:08",1769163728,"spasic","07000100040000000000000002010000",
102712,3857331,"2026-01-23 10:22:49",1769163769,"spasic","49000101AE66EE5FF74B736900000000",
102740,3857371,"2026-01-23 10:23:29",1769163809,"spasic","07000100040000000000000002010000",
102766,3857412,"2026-01-23 10:24:10",1769163850,"spasic","49000101FE66EE5F464C736900000000",
102791,3857452,"2026-01-23 10:24:50",1769163890,"spasic","07000100040000000000000002010000",
102819,3857493,"2026-01-23 10:25:31",1769163931,"spasic","490001014E67EE5F964C736900000000",
102845,3857533,"2026-01-23 10:26:11",1769163971,"spasic","07000100040000000000000002010000",
102870,3857574,"2026-01-23 10:26:52",1769164012,"spasic","490001019E67EE5FE64C736900000000",
102898,3857614,"2026-01-23 10:27:32",1769164052,"spasic","07000100040000000000000002010000",
102924,3857655,"2026-01-23 10:28:13",1769164093,"spasic","49000101EE67EE5F364D736900000000",
102949,3857695,"2026-01-23 10:28:53",1769164133,"spasic","07000100040000000000000002010000",
102977,3857736,"2026-01-23 10:29:34",1769164174,"spasic","490001013E68EE5F864D736900000000",
103003,3857776,"2026-01-23 10:30:14",1769164214,"spasic","07000100040000000000000002010000",
103028,3857817,"2026-01-23 10:30:55",1769164255,"spasic","490001018E68EE5FD64D736900000000",
103050,3857847,"2026-01-23 10:31:25",1769164285,"spasic","07000100040000000000000002010000",
103076,3857888,"2026-01-23 10:32:06",1769164326,"spasic","49000101DE68EE5F264E736900000000",
103101,3857928,"2026-01-23 10:32:46",1769164366,"spasic","07000100040000000000000002010000",
103129,3857969,"2026-01-23 10:33:27",1769164407,"spasic","490001012E69EE5F764E736900000000",
103155,3858009,"2026-01-23 10:34:07",1769164447,"spasic","07000100040000000000000002010000",
103180,3858050,"2026-01-23 10:34:48",1769164488,"spasic","490001017E69EE5FC64E736900000000",
103208,3858091,"2026-01-23 10:35:29",1769164529,"spasic","07000100040000000000000002010000",
103227,3858121,"2026-01-23 10:35:59",1769164559,"spasic","01024F4B04504F535400000000000000",
103253,3858161,"2026-01-23 10:36:39",1769164599,"spasic","01024F4B054558500D00000000000000",
103260,3858172,"2026-01-23 10:36:50",1769164610,"spasic","090D00000A2336033623361336000000",
103268,3858182,"2026-01-23 10:37:00",1769164620,"spasic","01024F4B03455103090D00000A333603",
103276,3858192,"2026-01-23 10:37:10",1769164630,"spasic","3633361D360100000000000000000000",
103284,3858202,"2026-01-23 10:37:20",1769164640,"spasic","090D00000A3336033643362736010009",
103291,3858212,"2026-01-23 10:37:30",1769164650,"spasic","0D01000A133603364336253601000102",
103298,3858222,"2026-01-23 10:37:40",1769164660,"spasic","4F4B0545585003000000000000000000",
103305,3858232,"2026-01-23 10:37:50",1769164670,"spasic","09030000040E70B04809030000041ED2",
103313,3858243,"2026-01-23 10:38:01",1769164681,"spasic","0A5309030000042E4F0D530000000000",
103320,3858253,"2026-01-23 10:38:11",1769164691,"spasic","09030000043E26115309030000044E32",
103327,3858263,"2026-01-23 10:38:21",1769164701,"spasic","16530000000000000000000000000000",
103334,3858273,"2026-01-23 10:38:31",1769164711,"spasic","09030000045E101D5309030000046EC2",
103341,3858283,"2026-01-23 10:38:41",1769164721,"spasic","22530000000000000000000000000000",
103348,3858293,"2026-01-23 10:38:51",1769164731,"spasic","09030000047EFA285309030000048EBA",
103356,3858303,"2026-01-23 10:39:01",1769164741,"spasic","31530000000000000000000000000000",
103364,3858313,"2026-01-23 10:39:11",1769164751,"spasic","07010300640000009E32395309030000",
103372,3858324,"2026-01-23 10:39:22",1769164762,"spasic","04AE0C40530903000004BE4E45530000",
103379,3858334,"2026-01-23 10:39:32",1769164772,"spasic","0903000004CE2649530903000004DEDA",
103386,3858344,"2026-01-23 10:39:42",1769164782,"spasic","4B530000000000000000000000000000",
103393,3858354,"2026-01-23 10:39:52",1769164792,"spasic","49000101E366EE5FE44F736909030000",
103400,3858364,"2026-01-23 10:40:02",1769164802,"spasic","04FED446530000000000000000000000",
103406,3858374,"2026-01-23 10:40:12",1769164812,"spasic","09030000040E5E4F5309030000041E52",
103413,3858384,"2026-01-23 10:40:22",1769164822,"spasic","55530000000000000000000000000000",
103420,3858394,"2026-01-23 10:40:32",1769164832,"spasic","09030000042E7E565307010300C80000",
103427,3858405,"2026-01-23 10:40:43",1769164843,"spasic","003EE156530000000000000000000000",
103434,3858415,"2026-01-23 10:40:53",1769164853,"spasic","09030000044EE0575309030000045EE3",
103442,3858425,"2026-01-23 10:41:03",1769164863,"spasic","58530000000000000000000000000000",
103449,3858435,"2026-01-23 10:41:13",1769164873,"spasic","09030000046E1D585309030000047ECE",
103456,3858445,"2026-01-23 10:41:23",1769164883,"spasic","57530000000000000000000000000000",
103462,3858455,"2026-01-23 10:41:33",1769164893,"spasic","09030000048E9A555309030000049EAB",
103468,3858465,"2026-01-23 10:41:43",1769164903,"spasic","52530000000000000000000000000000",
103474,3858476,"2026-01-23 10:41:54",1769164914,"spasic","0903000004AE4751530903000004BECB",
103481,3858486,"2026-01-23 10:42:04",1769164924,"spasic","53530000000000000000000000000000",
103488,3858496,"2026-01-23 10:42:14",1769164934,"spasic","0903000004CE21505300000000000000",
103494,3858506,"2026-01-23 10:42:24",1769164944,"spasic","0903000004EE5F475300000000000000",
103500,3858516,"2026-01-23 10:42:34",1769164954,"spasic","0903000004FEF7415300000000000000",
103507,3858526,"2026-01-23 10:42:44",1769164964,"spasic","09030000040E6F3C5300000000000000",
103514,3858536,"2026-01-23 10:42:54",1769164974,"spasic","09030000041E34375300000000000000",
103522,3858546,"2026-01-23 10:43:04",1769164984,"spasic","09030000042E5D315300000000000000",
103530,3858557,"2026-01-23 10:43:15",1769164995,"spasic","09030000043EBD2C5300000000000000",
103538,3858567,"2026-01-23 10:43:25",1769165005,"spasic","09030000044E3F2A5300000000000000",
103545,3858577,"2026-01-23 10:43:35",1769165015,"spasic","09030000045E05285300000000000000",
103552,3858587,"2026-01-23 10:43:45",1769165025,"spasic","09030000046ED3245300000000000000",
103559,3858597,"2026-01-23 10:43:55",1769165035,"spasic","07010300900100007E861D5300000000",
103567,3858607,"2026-01-23 10:44:05",1769165045,"spasic","09030000048E9E125300000000000000",
103574,3858617,"2026-01-23 10:44:15",1769165055,"spasic","09030000049E9D095300000000000000",
103581,3858627,"2026-01-23 10:44:25",1769165065,"spasic","0903000004AE86045300000000000000",
103588,3858638,"2026-01-23 10:44:36",1769165076,"spasic","0903000004BE24025300000000000000",
103595,3858648,"2026-01-23 10:44:46",1769165086,"spasic","490001010F68EE5F0F51736900000000",
103602,3858658,"2026-01-23 10:44:56",1769165096,"spasic","0903000004DE720A5300000000000000",
103610,3858668,"2026-01-23 10:45:06",1769165106,"spasic","0903000004EE420E5300000000000000",
103618,3858678,"2026-01-23 10:45:16",1769165116,"spasic","0903000004FEB20F5300000000000000",
103626,3858688,"2026-01-23 10:45:26",1769165126,"spasic","09030000040E04105300000000000000",
103633,3858698,"2026-01-23 10:45:36",1769165136,"spasic","07010300F40100001ECD065300000000",
103640,3858709,"2026-01-23 10:45:47",1769165147,"spasic","09030000042E770A5300000000000000",
103647,3858719,"2026-01-23 10:45:57",1769165157,"spasic","09030000043E650A5300000000000000",
103655,3858729,"2026-01-23 10:46:07",1769165167,"spasic","09030000044E25095300000000000000",
103662,3858739,"2026-01-23 10:46:17",1769165177,"spasic","09030000045E9D085300000000000000",
103669,3858749,"2026-01-23 10:46:27",1769165187,"spasic","09030000046E56095300000000000000",
103676,3858759,"2026-01-23 10:46:37",1769165197,"spasic","09030000047ECF0A5300000000000000",
103683,3858769,"2026-01-23 10:46:47",1769165207,"spasic","09030000048E080E5300000000000000",
103690,3858779,"2026-01-23 10:46:57",1769165217,"spasic","09030000049E33115300000000000000",
103698,3858790,"2026-01-23 10:47:08",1769165228,"spasic","0903000004AE4D165300000000000000",
103706,3858800,"2026-01-23 10:47:18",1769165238,"spasic","0903000004CE69205300000000000000",
103714,3858810,"2026-01-23 10:47:28",1769165248,"spasic","0903000004DE85245300000000000000",
103721,3858820,"2026-01-23 10:47:38",1769165258,"spasic","0903000004EE8C295300000000000000",
103728,3858830,"2026-01-23 10:47:48",1769165268,"spasic","0903000004FEF62A5300000000000000",
103736,3858840,"2026-01-23 10:47:58",1769165278,"spasic","09030000040EC52D5300000000000000",
103743,3858850,"2026-01-23 10:48:08",1769165288,"spasic","09030000041E7D315300000000000000",
103750,3858860,"2026-01-23 10:48:18",1769165298,"spasic","09030000042ED9315300000000000000",
103757,3858871,"2026-01-23 10:48:29",1769165309,"spasic","09030000043E20305300000000000000",
103764,3858881,"2026-01-23 10:48:39",1769165319,"spasic","09030000044EAE2E5300000000000000",
103771,3858891,"2026-01-23 10:48:49",1769165329,"spasic","07010300BC0200005E692E5300000000",
103779,3858901,"2026-01-23 10:48:59",1769165339,"spasic","09030000046EE32E5300000000000000",
103787,3858911,"2026-01-23 10:49:09",1769165349,"spasic","09030000047EB32F5300000000000000",
103795,3858921,"2026-01-23 10:49:19",1769165359,"spasic","09030000048E63315300000000000000",
103802,3858931,"2026-01-23 10:49:29",1769165369,"spasic","09030000049E40335300000000000000",
103809,3858942,"2026-01-23 10:49:40",1769165380,"spasic","490001013B69EE5F3B52736900000000",
103816,3858952,"2026-01-23 10:49:50",1769165390,"spasic","0903000004BE322F5300000000000000",
103824,3858962,"2026-01-23 10:50:00",1769165400,"spasic","0903000004CE0A385300000000000000",
103831,3858972,"2026-01-23 10:50:10",1769165410,"spasic","0903000004DE033A5300000000000000",
103838,3858982,"2026-01-23 10:50:20",1769165420,"spasic","0903000004EED53B5300000000000000",
103845,3858992,"2026-01-23 10:50:30",1769165430,"spasic","0701030020030000FEAC3D5300000000",
103852,3859002,"2026-01-23 10:50:40",1769165440,"spasic","09030000040E6B3E5300000000000000",
103859,3859012,"2026-01-23 10:50:50",1769165450,"spasic","09030000041E0E405300000000000000",
103867,3859023,"2026-01-23 10:51:01",1769165461,"spasic","09030000042E46415300000000000000",
103875,3859033,"2026-01-23 10:51:11",1769165471,"spasic","09030000043E54425300000000000000",
103883,3859043,"2026-01-23 10:51:21",1769165481,"spasic","09030000044EFE435300000000000000",
103890,3859053,"2026-01-23 10:51:31",1769165491,"spasic","09030000045ED5405300000000000000",
103897,3859063,"2026-01-23 10:51:41",1769165501,"spasic","09030000046E33305300000000000000",
103904,3859073,"2026-01-23 10:51:51",1769165511,"spasic","09030000047E95195300000000000000",
103912,3859083,"2026-01-23 10:52:01",1769165521,"spasic","09030000048E11015300000000000000",
103919,3859093,"2026-01-23 10:52:11",1769165531,"spasic","0903000004AE40CF5200000000000000",
103926,3859104,"2026-01-23 10:52:22",1769165542,"spasic","0903000004BEE9BE5200000000000000",
103933,3859114,"2026-01-23 10:52:32",1769165552,"spasic","0903000004CE76B15200000000000000",
103940,3859124,"2026-01-23 10:52:42",1769165562,"spasic","0903000004DE79AC5200000000000000",
103947,3859134,"2026-01-23 10:52:52",1769165572,"spasic","0903000004EED1AE5200000000000000",
103955,3859144,"2026-01-23 10:53:02",1769165582,"spasic","0903000004FE9DB85200000000000000",
103963,3859154,"2026-01-23 10:53:12",1769165592,"spasic","09030000040E49C25200000000000000",
103971,3859164,"2026-01-23 10:53:22",1769165602,"spasic","09030000041EBBC15200000000000000",
103978,3859175,"2026-01-23 10:53:33",1769165613,"spasic","09030000042E7CB75200000000000000",
103985,3859185,"2026-01-23 10:53:43",1769165623,"spasic","07010300E80300003E96B35200000000",
103992,3859195,"2026-01-23 10:53:53",1769165633,"spasic","09030000044E79BD5200000000000000",
104000,3859205,"2026-01-23 10:54:03",1769165643,"spasic","09030000045E4AC35200000000000000",
104007,3859215,"2026-01-23 10:54:13",1769165653,"spasic","09030000046EB9C85200000000000000",
104014,3859225,"2026-01-23 10:54:23",1769165663,"spasic","09030000047EB0CF5200000000000000",
104021,3859235,"2026-01-23 10:54:33",1769165673,"spasic","49000101676AEE5F6753736900000000",
104034,3859256,"2026-01-23 10:54:54",1769165694,"spasic","01024F4B04504F535400000000000000",
104062,3859296,"2026-01-23 10:55:34",1769165734,"spasic","01024F4B054558500D00000000000000",
104069,3859306,"2026-01-23 10:55:44",1769165744,"spasic","090D00000A4336333653364336000000",
104076,3859316,"2026-01-23 10:55:54",1769165754,"spasic","01024F4B03455103090D00000A533633",
104084,3859326,"2026-01-23 10:56:04",1769165764,"spasic","36533645360100000000000000000000",
104091,3859337,"2026-01-23 10:56:15",1769165775,"spasic","090D00000A5336333653364A36010009",
104098,3859347,"2026-01-23 10:56:25",1769165785,"spasic","0D01000A5336333653364A3601000102",
104105,3859357,"2026-01-23 10:56:35",1769165795,"spasic","4F4B0545585003000000000000000000",
104112,3859367,"2026-01-23 10:56:45",1769165805,"spasic","09030000040ED5B34809030000041EF0",
104119,3859377,"2026-01-23 10:56:55",1769165815,"spasic","095309030000042EE806530000000000",
104127,3859387,"2026-01-23 10:57:05",1769165825,"spasic","09030000043E6A045309030000044E0B",
104135,3859397,"2026-01-23 10:57:15",1769165835,"spasic","03530000000000000000000000000000",
104143,3859408,"2026-01-23 10:57:26",1769165846,"spasic","09030000045EE6015309030000046EA4",
104150,3859418,"2026-01-23 10:57:36",1769165856,"spasic","02530000000000000000000000000000",
104157,3859428,"2026-01-23 10:57:46",1769165866,"spasic","09030000047EDB015309030000048E17",
104164,3859438,"2026-01-23 10:57:56",1769165876,"spasic","04530000000000000000000000000000",
104172,3859448,"2026-01-23 10:58:06",1769165886,"spasic","07010300640000009E3F065309030000",
104179,3859458,"2026-01-23 10:58:16",1769165896,"spasic","04AE8D0C530903000004BEC014530000",
104186,3859468,"2026-01-23 10:58:26",1769165906,"spasic","0903000004CEAE13530903000004DE50",
104193,3859478,"2026-01-23 10:58:36",1769165916,"spasic","25530000000000000000000000000000",
104200,3859489,"2026-01-23 10:58:47",1769165927,"spasic","49000101E566EE5F5254736909030000",
104208,3859499,"2026-01-23 10:58:57",1769165937,"spasic","04FEC53F530000000000000000000000",
104216,3859509,"2026-01-23 10:59:07",1769165947,"spasic","09030000040E62495309030000041E49",
104224,3859519,"2026-01-23 10:59:17",1769165957,"spasic","50530000000000000000000000000000",
104231,3859529,"2026-01-23 10:59:27",1769165967,"spasic","09030000042E14545307010300C80000",
104238,3859539,"2026-01-23 10:59:37",1769165977,"spasic","003EE855530000000000000000000000",
104245,3859549,"2026-01-23 10:59:47",1769165987,"spasic","09030000044E31555309030000045E39",
104253,3859559,"2026-01-23 10:59:57",1769165997,"spasic","50530000000000000000000000000000",
104260,3859570,"2026-01-23 11:00:08",1769166008,"spasic","09030000046EC5495309030000047E5F",
104267,3859580,"2026-01-23 11:00:18",1769166018,"spasic","41530000000000000000000000000000",
104274,3859590,"2026-01-23 11:00:28",1769166028,"spasic","09030000048EFD375309030000049E3A",
104281,3859600,"2026-01-23 11:00:38",1769166038,"spasic","2E530000000000000000000000000000",
104288,3859610,"2026-01-23 11:00:48",1769166048,"spasic","0903000004AE0B26530903000004BE86",
104296,3859620,"2026-01-23 11:00:58",1769166058,"spasic","1C530000000000000000000000000000",
104304,3859630,"2026-01-23 11:01:08",1769166068,"spasic","0903000004CE2A155300000000000000",
104312,3859641,"2026-01-23 11:01:19",1769166079,"spasic","0903000004EE490C5300000000000000",
104319,3859651,"2026-01-23 11:01:29",1769166089,"spasic","0903000004FE54075300000000000000",
104326,3859661,"2026-01-23 11:01:39",1769166099,"spasic","09030000040EEFFC5200000000000000",
104333,3859671,"2026-01-23 11:01:49",1769166109,"spasic","09030000041E40EE5200000000000000",
104341,3859681,"2026-01-23 11:01:59",1769166119,"spasic","09030000042EA8DF5200000000000000",
104348,3859691,"2026-01-23 11:02:09",1769166129,"spasic","09030000043EDCCC5200000000000000",
104354,3859701,"2026-01-23 11:02:19",1769166139,"spasic","09030000044E2AB75200000000000000",
104360,3859711,"2026-01-23 11:02:29",1769166149,"spasic","09030000045ECF9F5200000000000000",
104367,3859722,"2026-01-23 11:02:40",1769166160,"spasic","09030000046E90875200000000000000",
104374,3859732,"2026-01-23 11:02:50",1769166170,"spasic","07010300900100007EB2705200000000",
104382,3859742,"2026-01-23 11:03:00",1769166180,"spasic","09030000048E385A5200000000000000",
104390,3859752,"2026-01-23 11:03:10",1769166190,"spasic","09030000049E5D475200000000000000",
104398,3859762,"2026-01-23 11:03:20",1769166200,"spasic","0903000004AEB53A5200000000000000",
104405,3859772,"2026-01-23 11:03:30",1769166210,"spasic","0903000004BE53345200000000000000",
104412,3859782,"2026-01-23 11:03:40",1769166220,"spasic","490001011168EE5F7E55736900000000",
104419,3859792,"2026-01-23 11:03:50",1769166230,"spasic","0903000004DEE93A5200000000000000",
104427,3859803,"2026-01-23 11:04:01",1769166241,"spasic","0903000004EE35495200000000000000",
104434,3859813,"2026-01-23 11:04:11",1769166251,"spasic","0903000004FEAF625200000000000000",
104441,3859823,"2026-01-23 11:04:21",1769166261,"spasic","09030000040EEF7A5200000000000000",
104448,3859833,"2026-01-23 11:04:31",1769166271,"spasic","07010300F40100001ECE905200000000",
104455,3859843,"2026-01-23 11:04:41",1769166281,"spasic","09030000042E1BA45200000000000000",
104462,3859853,"2026-01-23 11:04:51",1769166291,"spasic","09030000043EFCB45200000000000000",
104470,3859863,"2026-01-23 11:05:01",1769166301,"spasic","09030000044E59C55200000000000000",
104478,3859874,"2026-01-23 11:05:12",1769166312,"spasic","09030000045ED1D45200000000000000",
104486,3859884,"2026-01-23 11:05:22",1769166322,"spasic","09030000046EC6E25200000000000000",
104493,3859894,"2026-01-23 11:05:32",1769166332,"spasic","09030000047EF6EE5200000000000000",
104500,3859904,"2026-01-23 11:05:42",1769166342,"spasic","09030000048E8AF85200000000000000",
104507,3859914,"2026-01-23 11:05:52",1769166352,"spasic","09030000049E9D015300000000000000",
104515,3859924,"2026-01-23 11:06:02",1769166362,"spasic","0903000004AE13065300000000000000",
104522,3859934,"2026-01-23 11:06:12",1769166372,"spasic","0903000004CE83EB5200000000000000",
104529,3859944,"2026-01-23 11:06:22",1769166382,"spasic","0903000004DEA9D75200000000000000",
104536,3859955,"2026-01-23 11:06:33",1769166393,"spasic","0903000004EE6EC55200000000000000",
104543,3859965,"2026-01-23 11:06:43",1769166403,"spasic","0903000004FEAFB75200000000000000",
104550,3859975,"2026-01-23 11:06:53",1769166413,"spasic","09030000040E25B35200000000000000",
104558,3859985,"2026-01-23 11:07:03",1769166423,"spasic","09030000041E9BB65200000000000000",
104566,3859995,"2026-01-23 11:07:13",1769166433,"spasic","09030000042E6CC75200000000000000",
104574,3860005,"2026-01-23 11:07:23",1769166443,"spasic","09030000043E0FDD5200000000000000",
104581,3860015,"2026-01-23 11:07:33",1769166453,"spasic","09030000044E57F15200000000000000",
104588,3860025,"2026-01-23 11:07:43",1769166463,"spasic","07010300BC0200005EED035300000000",
104595,3860036,"2026-01-23 11:07:54",1769166474,"spasic","09030000046E21155300000000000000",
104603,3860046,"2026-01-23 11:08:04",1769166484,"spasic","09030000047ED0245300000000000000",
104610,3860056,"2026-01-23 11:08:14",1769166494,"spasic","09030000048E122E5300000000000000",
104617,3860066,"2026-01-23 11:08:24",1769166504,"spasic","09030000049ECA345300000000000000",
104624,3860076,"2026-01-23 11:08:34",1769166514,"spasic","490001013D69EE5FAA56736900000000",
104631,3860086,"2026-01-23 11:08:44",1769166524,"spasic","0903000004BEA9545300000000000000",
104639,3860096,"2026-01-23 11:08:54",1769166534,"spasic","0903000004CEBB5F5300000000000000",
104647,3860107,"2026-01-23 11:09:05",1769166545,"spasic","0903000004DE33645300000000000000",
104655,3860117,"2026-01-23 11:09:15",1769166555,"spasic","0903000004EE525E5300000000000000",
104662,3860127,"2026-01-23 11:09:25",1769166565,"spasic","0701030020030000FE03475300000000",
104669,3860137,"2026-01-23 11:09:35",1769166575,"spasic","09030000040E83245300000000000000",
104676,3860147,"2026-01-23 11:09:45",1769166585,"spasic","09030000041EECFE5200000000000000",
104684,3860157,"2026-01-23 11:09:55",1769166595,"spasic","09030000042E48D95200000000000000",
104691,3860167,"2026-01-23 11:10:05",1769166605,"spasic","09030000043EEDB45200000000000000",
104698,3860177,"2026-01-23 11:10:15",1769166615,"spasic","09030000044E7C935200000000000000",
104705,3860188,"2026-01-23 11:10:26",1769166626,"spasic","09030000045E6E755200000000000000",
104712,3860198,"2026-01-23 11:10:36",1769166636,"spasic","09030000046E96585200000000000000",
104719,3860208,"2026-01-23 11:10:46",1769166646,"spasic","09030000047EBD415200000000000000",
104727,3860218,"2026-01-23 11:10:56",1769166656,"spasic","09030000048EEF2D5200000000000000",
104735,3860228,"2026-01-23 11:11:06",1769166666,"spasic","0903000004AE3C0B5200000000000000",
104743,3860238,"2026-01-23 11:11:16",1769166676,"spasic","0903000004BE281A5200000000000000",
104750,3860248,"2026-01-23 11:11:26",1769166686,"spasic","0903000004CEA5485200000000000000",
104757,3860258,"2026-01-23 11:11:36",1769166696,"spasic","0903000004DE30735200000000000000",
104764,3860269,"2026-01-23 11:11:47",1769166707,"spasic","0903000004EE03955200000000000000",
104772,3860279,"2026-01-23 11:11:57",1769166717,"spasic","0903000004FEE5AF5200000000000000",
104779,3860289,"2026-01-23 11:12:07",1769166727,"spasic","09030000040EFFC55200000000000000",
104786,3860299,"2026-01-23 11:12:17",1769166737,"spasic","09030000041E0EDB5200000000000000",
104793,3860309,"2026-01-23 11:12:27",1769166747,"spasic","09030000042EDBEE5200000000000000",
104800,3860319,"2026-01-23 11:12:37",1769166757,"spasic","07010300E80300003E67FE5200000000",
104807,3860329,"2026-01-23 11:12:47",1769166767,"spasic","09030000044E690E5300000000000000",
104815,3860340,"2026-01-23 11:12:58",1769166778,"spasic","09030000045EE61C5300000000000000",
104823,3860350,"2026-01-23 11:13:08",1769166788,"spasic","09030000046EC92B5300000000000000",
104831,3860360,"2026-01-23 11:13:18",1769166798,"spasic","09030000047E993A5300000000000000",
104838,3860370,"2026-01-23 11:13:28",1769166808,"spasic","49000101696AEE5FD757736900000000",
104845,3860380,"2026-01-23 11:13:38",1769166818,"spasic","09030000049E61555300000000000000",
104859,3860400,"2026-01-23 11:13:58",1769166838,"spasic","01024F4B04504F535400000000000000",
104884,3860441,"2026-01-23 11:14:39",1769166879,"spasic","01024F4B054558501200000000000000",
104891,3860451,"2026-01-23 11:14:49",1769166889,"spasic","091200000A0000000000000000000000",
104899,3860461,"2026-01-23 11:14:59",1769166899,"spasic","091200000A0000000000000000000000",
104907,3860471,"2026-01-23 11:15:09",1769166909,"spasic","091200000A0000000000000000000000",
104915,3860481,"2026-01-23 11:15:19",1769166919,"spasic","091200000A0000000000000000000000",
104922,3860491,"2026-01-23 11:15:29",1769166929,"spasic","091200000A0000000000000000000000",
104929,3860502,"2026-01-23 11:15:40",1769166940,"spasic","091200000A0000000000000000000000",
104936,3860512,"2026-01-23 11:15:50",1769166950,"spasic","091200000A0000000000000000000100",
104944,3860522,"2026-01-23 11:16:00",1769166960,"spasic","091200000A0000000000000000000100",
104951,3860532,"2026-01-23 11:16:10",1769166970,"spasic","091200000A0000000000000000000100",
104958,3860542,"2026-01-23 11:16:20",1769166980,"spasic","07011200640000000000000000000000",
104965,3860552,"2026-01-23 11:16:30",1769166990,"spasic","091200000A0000000000000000000100",
104972,3860562,"2026-01-23 11:16:40",1769167000,"spasic","091200000A0000000000000000000100",
104979,3860573,"2026-01-23 11:16:51",1769167011,"spasic","091200000A0000000000000000000200",
104987,3860583,"2026-01-23 11:17:01",1769167021,"spasic","091200000A0000000000000000000200",
104995,3860593,"2026-01-23 11:17:11",1769167031,"spasic","49000101C566EE5FAC58736900000000",
105003,3860603,"2026-01-23 11:17:21",1769167041,"spasic","091200000A0000000000000000000200",
105010,3860613,"2026-01-23 11:17:31",1769167051,"spasic","091200000A0000000000000000000200",
105017,3860623,"2026-01-23 11:17:41",1769167061,"spasic","091200000A0000000000000000000200",
105024,3860633,"2026-01-23 11:17:51",1769167071,"spasic","091200000A0000000000000000000300",
105032,3860643,"2026-01-23 11:18:01",1769167081,"spasic","07011200C80000000000000000000000",
105039,3860654,"2026-01-23 11:18:12",1769167092,"spasic","091200000A0000000000000000000300";
105046,3860664,"2026-01-23 11:18:22",1769167102,"spasic","091200000A0000000000000000000300",
105053,3860674,"2026-01-23 11:18:32",1769167112,"spasic","091200000A0000000000000000000300",
105060,3860684,"2026-01-23 11:18:42",1769167122,"spasic","091200000A0000000000000000000300",
105067,3860694,"2026-01-23 11:18:52",1769167132,"spasic","091200000A0000000000000000000400",
105075,3860704,"2026-01-23 11:19:02",1769167142,"spasic","091200000A0000000000000000000400",
105083,3860714,"2026-01-23 11:19:12",1769167152,"spasic","091200000A0000000000000000000400",
105091,3860724,"2026-01-23 11:19:22",1769167162,"spasic","091200000A0000000000000000000400",
105098,3860735,"2026-01-23 11:19:33",1769167173,"spasic","091200000A0000000000000000000400",
105105,3860745,"2026-01-23 11:19:43",1769167183,"spasic","091200000A0000000000000000000500",
105113,3860755,"2026-01-23 11:19:53",1769167193,"spasic","091200000A0000000000000000000500",
105120,3860765,"2026-01-23 11:20:03",1769167203,"spasic","091200000A0000000000000000000500",
105127,3860775,"2026-01-23 11:20:13",1769167213,"spasic","091200000A0000000000000000000500",
105134,3860785,"2026-01-23 11:20:23",1769167223,"spasic","091200000A0000000000000000000500",
105141,3860795,"2026-01-23 11:20:33",1769167233,"spasic","091200000A0000000000000000000500",
105148,3860806,"2026-01-23 11:20:44",1769167244,"spasic","091200000A0000000000000000000600",
105156,3860816,"2026-01-23 11:20:54",1769167254,"spasic","091200000A0000000000000000000600",
105164,3860826,"2026-01-23 11:21:04",1769167264,"spasic","091200000A0000000000000000000600",
105172,3860836,"2026-01-23 11:21:14",1769167274,"spasic","07011200900100000000000000000000",
105179,3860846,"2026-01-23 11:21:24",1769167284,"spasic","091200000A0000000000000000000600",
105186,3860856,"2026-01-23 11:21:34",1769167294,"spasic","091200000A0000000000000000000600",
105193,3860866,"2026-01-23 11:21:44",1769167304,"spasic","091200000A0000000000000000000700",
105201,3860876,"2026-01-23 11:21:54",1769167314,"spasic","091200000A0000000000000000000700",
105208,3860887,"2026-01-23 11:22:05",1769167325,"spasic","49000101F167EE5FD759736900000000",
105215,3860897,"2026-01-23 11:22:15",1769167335,"spasic","091200000A0000000000000000000700",
105221,3860907,"2026-01-23 11:22:25",1769167345,"spasic","091200000A0000000000000000000700",
105227,3860917,"2026-01-23 11:22:35",1769167355,"spasic","091200000A0000000000000000000700",
105234,3860927,"2026-01-23 11:22:45",1769167365,"spasic","091200000A0000000000000000000800",
105242,3860937,"2026-01-23 11:22:55",1769167375,"spasic","07011200F40100000000000000000000",
105250,3860947,"2026-01-23 11:23:05",1769167385,"spasic","091200000A0000000000000000000800",
105258,3860957,"2026-01-23 11:23:15",1769167395,"spasic","091200000A0000000000000000000800",
105265,3860968,"2026-01-23 11:23:26",1769167406,"spasic","091200000A0000000000000000000800",
105272,3860978,"2026-01-23 11:23:36",1769167416,"spasic","091200000A0000000000000000000800",
105279,3860988,"2026-01-23 11:23:46",1769167426,"spasic","091200000A0000000000000000000800",
105287,3860998,"2026-01-23 11:23:56",1769167436,"spasic","091200000A0000000000000000000900",
105294,3861008,"2026-01-23 11:24:06",1769167446,"spasic","091200000A0000000000000000000900",
105301,3861018,"2026-01-23 11:24:16",1769167456,"spasic","091200000A0000000000000000000900",
105308,3861028,"2026-01-23 11:24:26",1769167466,"spasic","091200000A0000000000000000000900",
105321,3861049,"2026-01-23 11:24:47",1769167487,"spasic","091200000A0000000000000000000900",
105329,3861059,"2026-01-23 11:24:57",1769167497,"spasic","091200000A0000000000000000000A00",
105337,3861069,"2026-01-23 11:25:07",1769167507,"spasic","091200000A0000000000000000000A00",
105345,3861079,"2026-01-23 11:25:17",1769167517,"spasic","091200000A0000000000000000000A00",
105352,3861089,"2026-01-23 11:25:27",1769167527,"spasic","091200000A0000000000000000000A00",
105359,3861099,"2026-01-23 11:25:37",1769167537,"spasic","091200000A0000000000000000000A00",
105366,3861109,"2026-01-23 11:25:47",1769167547,"spasic","091200000A0000000000000000000A00",
105374,3861120,"2026-01-23 11:25:58",1769167558,"spasic","091200000A0000000000000000000B00",
105381,3861130,"2026-01-23 11:26:08",1769167568,"spasic","091200000A0000000000000000000B00",
105388,3861140,"2026-01-23 11:26:18",1769167578,"spasic","07011200BC0200000000000000000000",
105395,3861150,"2026-01-23 11:26:28",1769167588,"spasic","091200000A0000000000000000000B00",
105402,3861160,"2026-01-23 11:26:38",1769167598,"spasic","091200000A0000000000000000000B00",
105409,3861170,"2026-01-23 11:26:48",1769167608,"spasic","091200000A0000000000000000000B00",
105417,3861180,"2026-01-23 11:26:58",1769167618,"spasic","091200000A0000000000000000000C00",
105425,3861190,"2026-01-23 11:27:08",1769167628,"spasic","490001011D69EE5F035B736900000000",
105433,3861201,"2026-01-23 11:27:19",1769167639,"spasic","091200000A0000000000000000000C00",
105440,3861211,"2026-01-23 11:27:29",1769167649,"spasic","091200000A0000000000000000000C00",
105447,3861221,"2026-01-23 11:27:39",1769167659,"spasic","091200000A0000000000000000000C00",
105454,3861231,"2026-01-23 11:27:49",1769167669,"spasic","091200000A0000000000000000000C00",
105462,3861241,"2026-01-23 11:27:59",1769167679,"spasic","07011200200300000000000000000000",
105469,3861251,"2026-01-23 11:28:09",1769167689,"spasic","091200000A0000000000000000000D00",
105476,3861261,"2026-01-23 11:28:19",1769167699,"spasic","091200000A0000000000000000000D00",
105483,3861272,"2026-01-23 11:28:30",1769167710,"spasic","091200000A0000000000000000000D00",
105490,3861282,"2026-01-23 11:28:40",1769167720,"spasic","091200000A0000000000000000000D00",
105497,3861292,"2026-01-23 11:28:50",1769167730,"spasic","091200000A0000000000000000000D00",
105505,3861302,"2026-01-23 11:29:00",1769167740,"spasic","091200000A0000000000000000000E00",
105513,3861312,"2026-01-23 11:29:10",1769167750,"spasic","091200000A0000000000000000000E00",
105521,3861322,"2026-01-23 11:29:20",1769167760,"spasic","091200000A0000000000000000000E00",
105528,3861332,"2026-01-23 11:29:30",1769167770,"spasic","091200000A0000000000000000000E00",
105535,3861342,"2026-01-23 11:29:40",1769167780,"spasic","091200000A0000000000000000000E00",
105543,3861353,"2026-01-23 11:29:51",1769167791,"spasic","091200000A0000000000000000000F00",
105550,3861363,"2026-01-23 11:30:01",1769167801,"spasic","091200000A0000000000000000000F00",
105557,3861373,"2026-01-23 11:30:11",1769167811,"spasic","091200000A0000000000000000000F00",
105564,3861383,"2026-01-23 11:30:21",1769167821,"spasic","091200000A0000000000000000000F00",
105571,3861393,"2026-01-23 11:30:31",1769167831,"spasic","091200000A0000000000000000000F00",
105578,3861403,"2026-01-23 11:30:41",1769167841,"spasic","091200000A0000000000000000000F00",
105586,3861413,"2026-01-23 11:30:51",1769167851,"spasic","091200000A0000000000000000001000",
105594,3861423,"2026-01-23 11:31:01",1769167861,"spasic","091200000A0000000000000000001000",
105602,3861434,"2026-01-23 11:31:12",1769167872,"spasic","07011200E80300000000000000000000",
105609,3861444,"2026-01-23 11:31:22",1769167882,"spasic","091200000A0000000000000000001000",
105616,3861454,"2026-01-23 11:31:32",1769167892,"spasic","091200000A0000000000000000001000",
105623,3861464,"2026-01-23 11:31:42",1769167902,"spasic","091200000A0000000000000000001000",
105631,3861474,"2026-01-23 11:31:52",1769167912,"spasic","091200000A0000000000000000001000",
105638,3861484,"2026-01-23 11:32:02",1769167922,"spasic","49000101496AEE5F2F5C736900000000",
105645,3861494,"2026-01-23 11:32:12",1769167932,"spasic","091200000A0000000000000000001100",
105652,3861505,"2026-01-23 11:32:23",1769167943,"spasic","091200000A0000000000000000001100",
105659,3861515,"2026-01-23 11:32:33",1769167953,"spasic","091200000A0000000000000000001100",
105666,3861525,"2026-01-23 11:32:43",1769167963,"spasic","091200000A0000000000000000001100",
105674,3861535,"2026-01-23 11:32:53",1769167973,"spasic","070112004C0400000000000000000000",
105682,3861545,"2026-01-23 11:33:03",1769167983,"spasic","091200000A0000000000000000001200",
105690,3861555,"2026-01-23 11:33:13",1769167993,"spasic","091200000A0000000000000000001200",
105697,3861565,"2026-01-23 11:33:23",1769168003,"spasic","091200000A0000000000000000001200",
105704,3861575,"2026-01-23 11:33:33",1769168013,"spasic","091200000A0000000000000000001200",
105711,3861586,"2026-01-23 11:33:44",1769168024,"spasic","091200000A0000000000000000001200",
105719,3861596,"2026-01-23 11:33:54",1769168034,"spasic","091200000A0000000000000000001200",
105726,3861606,"2026-01-23 11:34:04",1769168044,"spasic","091200000A0000000000000000001300",
105733,3861616,"2026-01-23 11:34:14",1769168054,"spasic","091200000A0000000000000000001300",
105740,3861626,"2026-01-23 11:34:24",1769168064,"spasic","091200000A0000000000000000001300",
105753,3861646,"2026-01-23 11:34:44",1769168084,"spasic","091200000A0000000000000000001300",
105761,3861656,"2026-01-23 11:34:54",1769168094,"spasic","091200000A0000000000000000001300",
105769,3861667,"2026-01-23 11:35:05",1769168105,"spasic","091200000A0000000000000000001400",
105777,3861677,"2026-01-23 11:35:15",1769168115,"spasic","091200000A0000000000000000001400",
105784,3861687,"2026-01-23 11:35:25",1769168125,"spasic","091200000A0000000000000000001400",
105791,3861697,"2026-01-23 11:35:35",1769168135,"spasic","091200000A0000000000000000001400",
105798,3861707,"2026-01-23 11:35:45",1769168145,"spasic","091200000A0000000000000000001400",
105806,3861717,"2026-01-23 11:35:55",1769168155,"spasic","091200000A0000000000000000001400",
105813,3861727,"2026-01-23 11:36:05",1769168165,"spasic","091200000A0000000000000000001500",
105820,3861737,"2026-01-23 11:36:15",1769168175,"spasic","07011200140500000000000000000000",
105827,3861748,"2026-01-23 11:36:26",1769168186,"spasic","091200000A0000000000000000001500",
105833,3861758,"2026-01-23 11:36:36",1769168196,"spasic","091200000A0000000000000000001500",
105840,3861768,"2026-01-23 11:36:46",1769168206,"spasic","091200000A0000000000000000001500",
105848,3861778,"2026-01-23 11:36:56",1769168216,"spasic","091200000A0000000000000000001500",
105856,3861788,"2026-01-23 11:37:06",1769168226,"spasic","49000101756BEE5F5B5D736900000000",
105864,3861798,"2026-01-23 11:37:16",1769168236,"spasic","091200000A0000000000000000001600",
105871,3861808,"2026-01-23 11:37:26",1769168246,"spasic","091200000A0000000000000000001600",
105878,3861819,"2026-01-23 11:37:37",1769168257,"spasic","091200000A0000000000000000001600",
105885,3861829,"2026-01-23 11:37:47",1769168267,"spasic","091200000A0000000000000000001600",
105893,3861839,"2026-01-23 11:37:57",1769168277,"spasic","07011200780500000000000000000000",
105900,3861849,"2026-01-23 11:38:07",1769168287,"spasic","091200000A0000000000000000001700",
105907,3861859,"2026-01-23 11:38:17",1769168297,"spasic","091200000A0000000000000000001700",
105914,3861869,"2026-01-23 11:38:27",1769168307,"spasic","091200000A0000000000000000001700",
105921,3861879,"2026-01-23 11:38:37",1769168317,"spasic","091200000A0000000000000000001700",
105928,3861889,"2026-01-23 11:38:47",1769168327,"spasic","091200000A0000000000000000001700",
105936,3861900,"2026-01-23 11:38:58",1769168338,"spasic","091200000A0000000000000000001700",
105944,3861910,"2026-01-23 11:39:08",1769168348,"spasic","091200000A0000000000000000001800",
105952,3861920,"2026-01-23 11:39:18",1769168358,"spasic","091200000A0000000000000000001800",
105959,3861930,"2026-01-23 11:39:28",1769168368,"spasic","091200000A0000000000000000001800",
105972,3861950,"2026-01-23 11:39:48",1769168388,"spasic","091200000A0000000000000000001800",
105980,3861960,"2026-01-23 11:39:58",1769168398,"spasic","091200000A0000000000000000001800",
105987,3861970,"2026-01-23 11:40:08",1769168408,"spasic","091200000A0000000000000000001900",
105993,3861981,"2026-01-23 11:40:19",1769168419,"spasic","091200000A0000000000000000001900",
105999,3861991,"2026-01-23 11:40:29",1769168429,"spasic","091200000A0000000000000000001900",
106005,3862001,"2026-01-23 11:40:39",1769168439,"spasic","091200000A0000000000000000001900",
106013,3862011,"2026-01-23 11:40:49",1769168449,"spasic","091200000A0000000000000000001900",
106020,3862021,"2026-01-23 11:40:59",1769168459,"spasic","091200000A0000000000000000001900",
106027,3862031,"2026-01-23 11:41:09",1769168469,"spasic","091200000A0000000000000000001900",
106034,3862041,"2026-01-23 11:41:19",1769168479,"spasic","07011200400600000000000000000000",
106040,3862052,"2026-01-23 11:41:30",1769168490,"spasic","091200000A0000000000000000001A00",
106046,3862062,"2026-01-23 11:41:40",1769168500,"spasic","091200000A0000000000000000001A00",
106053,3862072,"2026-01-23 11:41:50",1769168510,"spasic","091200000A0000000000000000001A00",
106059,3862082,"2026-01-23 11:42:00",1769168520,"spasic","091200000A0000000000000000001A00",
106065,3862092,"2026-01-23 11:42:10",1769168530,"spasic","49000101A16CEE5F875E736900000000",
106071,3862102,"2026-01-23 11:42:20",1769168540,"spasic","091200000A0000000000000000001B00",
106077,3862112,"2026-01-23 11:42:30",1769168550,"spasic","091200000A0000000000000000001B00",
106084,3862122,"2026-01-23 11:42:40",1769168560,"spasic","091200000A0000000000000000001B00",
106092,3862133,"2026-01-23 11:42:51",1769168571,"spasic","091200000A0000000000000000001B00",
106100,3862143,"2026-01-23 11:43:01",1769168581,"spasic","07011200A40600000000000000000000",
106108,3862153,"2026-01-23 11:43:11",1769168591,"spasic","091200000A0000000000000000001B00",
106115,3862163,"2026-01-23 11:43:21",1769168601,"spasic","091200000A0000000000000000001C00",
106122,3862173,"2026-01-23 11:43:31",1769168611,"spasic","091200000A0000000000000000001C00",
106129,3862183,"2026-01-23 11:43:41",1769168621,"spasic","091200000A0000000000000000001C00",
106137,3862193,"2026-01-23 11:43:51",1769168631,"spasic","091200000A0000000000000000001C00",
106144,3862203,"2026-01-23 11:44:01",1769168641,"spasic","091200000A0000000000000000001C00",
106151,3862214,"2026-01-23 11:44:12",1769168652,"spasic","091200000A0000000000000000001C00",
106158,3862224,"2026-01-23 11:44:22",1769168662,"spasic","091200000A0000000000000000001D00",
106165,3862234,"2026-01-23 11:44:32",1769168672,"spasic","091200000A0000000000000000001D00",
106172,3862244,"2026-01-23 11:44:42",1769168682,"spasic","091200000A0000000000000000001D00",
106180,3862254,"2026-01-23 11:44:52",1769168692,"spasic","091200000A0000000000000000001D00",
106188,3862264,"2026-01-23 11:45:02",1769168702,"spasic","091200000A0000000000000000001D00",
106196,3862274,"2026-01-23 11:45:12",1769168712,"spasic","091201000A0000000000000000001E00",
106222,3862315,"2026-01-23 11:45:53",1769168753,"spasic","070012002B0700000000000000000000",
106247,3862355,"2026-01-23 11:46:33",1769168793,"spasic","49000101AA6DEE5F905F736900000000",
106268,3862386,"2026-01-23 11:47:04",1769168824,"spasic","070012002B0700000000000000000000",
106294,3862426,"2026-01-23 11:47:44",1769168864,"spasic","49000101FA6DEE5FDF5F736900000000",
106320,3862467,"2026-01-23 11:48:25",1769168905,"spasic","070012002B0700000000000000000000",
106347,3862507,"2026-01-23 11:49:05",1769168945,"spasic","490001014A6EEE5F3060736900000000",
106373,3862548,"2026-01-23 11:49:46",1769168986,"spasic","070012002B0700000000000000000000",
106399,3862588,"2026-01-23 11:50:26",1769169026,"spasic","490001019A6EEE5F8060736900000000",
106426,3862629,"2026-01-23 11:51:07",1769169067,"spasic","070012002B0700000000000000000000",
106453,3862669,"2026-01-23 11:51:47",1769169107,"spasic","49000101EA6EEE5FD060736900000000",
106478,3862710,"2026-01-23 11:52:28",1769169148,"spasic","070012002B0700000000000000000000",
106506,3862751,"2026-01-23 11:53:09",1769169189,"spasic","490001013A6FEE5F2061736900000000",
106532,3862791,"2026-01-23 11:53:49",1769169229,"spasic","070012002B0700000000000000000000",
106557,3862832,"2026-01-23 11:54:30",1769169270,"spasic","490001018A6FEE5F7061736900000000",
106585,3862872,"2026-01-23 11:55:10",1769169310,"spasic","070012002B0700000000000000000000",
106611,3862913,"2026-01-23 11:55:51",1769169351,"spasic","49000101DA6FEE5FC061736900000000",
106636,3862953,"2026-01-23 11:56:31",1769169391,"spasic","070012002B0700000000000000000000",
106664,3862994,"2026-01-23 11:57:12",1769169432,"spasic","490001012A70EE5F1162736900000000",
106690,3863034,"2026-01-23 11:57:52",1769169472,"spasic","070012002B0700000000000000000000",
106715,3863075,"2026-01-23 11:58:33",1769169513,"spasic","490001017A70EE5F6062736900000000",
106743,3863115,"2026-01-23 11:59:13",1769169553,"spasic","070012002B0700000000000000000000",
106769,3863156,"2026-01-23 11:59:54",1769169594,"spasic","49000101CA70EE5FB062736900000000",
106788,3863186,"2026-01-23 12:00:24",1769169624,"spasic","070012002B0700000000000000000000",
106815,3863227,"2026-01-23 12:01:05",1769169665,"spasic","490001011A71EE5F0063736900000000",
106841,3863267,"2026-01-23 12:01:45",1769169705,"spasic","070012002B0700000000000000000000",
106866,3863308,"2026-01-23 12:02:26",1769169746,"spasic","490001016A71EE5F5163736900000000",
106893,3863348,"2026-01-23 12:03:06",1769169786,"spasic","070012002B0700000000000000000000",
106919,3863389,"2026-01-23 12:03:47",1769169827,"spasic","49000101BA71EE5FA163736900000000",
106944,3863429,"2026-01-23 12:04:27",1769169867,"spasic","070012002B0700000000000000000000",
106972,3863470,"2026-01-23 12:05:08",1769169908,"spasic","490001010A72EE5FF163736900000000",
106998,3863510,"2026-01-23 12:05:48",1769169948,"spasic","070012002B0700000000000000000000",
107023,3863551,"2026-01-23 12:06:29",1769169989,"spasic","490001015A72EE5F4064736900000000",
107051,3863591,"2026-01-23 12:07:09",1769170029,"spasic","070012002B0700000000000000000000",
107077,3863632,"2026-01-23 12:07:50",1769170070,"spasic","49000101AA72EE5F9064736900000000",
107102,3863672,"2026-01-23 12:08:30",1769170110,"spasic","070012002B0700000000000000000000",
107130,3863713,"2026-01-23 12:09:11",1769170151,"spasic","49000101FA72EE5FE064736900000000",
107156,3863753,"2026-01-23 12:09:51",1769170191,"spasic","070012002B0700000000000000000000",
107181,3863794,"2026-01-23 12:10:32",1769170232,"spasic","490001014A73EE5F3065736900000000",
107209,3863834,"2026-01-23 12:11:12",1769170272,"spasic","070012002B0700000000000000000000",
107235,3863875,"2026-01-23 12:11:53",1769170313,"spasic","490001019A73EE5F8065736900000000",
107260,3863915,"2026-01-23 12:12:33",1769170353,"spasic","070012002B0700000000000000000000",
107281,3863946,"2026-01-23 12:13:04",1769170384,"spasic","49000101EA73EE5FD065736900000000",
107308,3863986,"2026-01-23 12:13:44",1769170424,"spasic","070012002B0700000000000000000000",
107333,3864027,"2026-01-23 12:14:25",1769170465,"spasic","490001013A74EE5F2066736900000000",
107340,3864037,"2026-01-23 12:14:35",1769170475,"spasic","01014F4B000000000000000000000000",
107348,3864047,"2026-01-23 12:14:45",1769170485,"spasic","01024F4B054558500D00000000000000",
107356,3864057,"2026-01-23 12:14:55",1769170495,"spasic","090D00000A1336133673363D36010000",
107364,3864067,"2026-01-23 12:15:05",1769170505,"spasic","090D00000AE335E33573362536010000",
107371,3864078,"2026-01-23 12:15:16",1769170516,"spasic","090D01000AD335D33573362036010000",
107397,3864118,"2026-01-23 12:15:56",1769170556,"spasic","07000D0020000000D335D33573362036",
107422,3864159,"2026-01-23 12:16:37",1769170597,"spasic","49000101B574EE5F9B66736900000000",
107444,3864189,"2026-01-23 12:17:07",1769170627,"spasic","07000D0020000000D335D33573362036",
107470,3864229,"2026-01-23 12:17:47",1769170667,"spasic","490001010575EE5FEB66736900000000",
107495,3864270,"2026-01-23 12:18:28",1769170708,"spasic","07000D0020000000D335D33573362036",
107523,3864310,"2026-01-23 12:19:08",1769170748,"spasic","490001015575EE5F3B67736900000000",
107549,3864351,"2026-01-23 12:19:49",1769170789,"spasic","07000D0020000000D335D33573362036",
107574,3864392,"2026-01-23 12:20:30",1769170830,"spasic","49000101A575EE5F8B67736900000000",
107602,3864432,"2026-01-23 12:21:10",1769170870,"spasic","07000D0020000000D335D33573362036",
107628,3864473,"2026-01-23 12:21:51",1769170911,"spasic","49000101F575EE5FDB67736900000000",
107651,3864513,"2026-01-23 12:22:31",1769170951,"spasic","07000D0020000000D335D33573362036",
107679,3864554,"2026-01-23 12:23:12",1769170992,"spasic","490001014576EE5F2B68736900000000",
107705,3864594,"2026-01-23 12:23:52",1769171032,"spasic","07000D0020000000D335D33573362036",
107730,3864635,"2026-01-23 12:24:33",1769171073,"spasic","490001019576EE5F7B68736900000000",
107758,3864675,"2026-01-23 12:25:13",1769171113,"spasic","07000D0020000000D335D33573362036",
107784,3864716,"2026-01-23 12:25:54",1769171154,"spasic","49000101E576EE5FCC68736900000000",
107809,3864756,"2026-01-23 12:26:34",1769171194,"spasic","07000D0020000000D335D33573362036",
107837,3864797,"2026-01-23 12:27:15",1769171235,"spasic","490001013577EE5F1C69736900000000",
107863,3864837,"2026-01-23 12:27:55",1769171275,"spasic","07000D0020000000D335D33573362036",
107888,3864878,"2026-01-23 12:28:36",1769171316,"spasic","490001018577EE5F6B69736900000000",
107916,3864918,"2026-01-23 12:29:16",1769171356,"spasic","07000D0020000000D335D33573362036",
107936,3864949,"2026-01-23 12:29:47",1769171387,"spasic","49000101D577EE5FBC69736900000000",
107961,3864989,"2026-01-23 12:30:27",1769171427,"spasic","07000D0020000000D335D33573362036",
107989,3865030,"2026-01-23 12:31:08",1769171468,"spasic","490001012578EE5F0B6A736900000000",
108015,3865070,"2026-01-23 12:31:48",1769171508,"spasic","07000D0020000000D335D33573362036",
108040,3865111,"2026-01-23 12:32:29",1769171549,"spasic","490001017578EE5F5C6A736900000000",
108068,3865151,"2026-01-23 12:33:09",1769171589,"spasic","07000D0020000000D335D33573362036",
108094,3865192,"2026-01-23 12:33:50",1769171630,"spasic","49000101C578EE5FAB6A736900000000",
108119,3865232,"2026-01-23 12:34:30",1769171670,"spasic","07000D0020000000D335D33573362036",
108147,3865273,"2026-01-23 12:35:11",1769171711,"spasic","490001011579EE5FFB6A736900000000",
108173,3865313,"2026-01-23 12:35:51",1769171751,"spasic","07000D0020000000D335D33573362036",
108198,3865354,"2026-01-23 12:36:32",1769171792,"spasic","490001016579EE5F4B6B736900000000",
108226,3865394,"2026-01-23 12:37:12",1769171832,"spasic","07000D0020000000D335D33573362036",
108252,3865435,"2026-01-23 12:37:53",1769171873,"spasic","49000101B579EE5F9A6B736900000000",
108277,3865475,"2026-01-23 12:38:33",1769171913,"spasic","07000D0020000000D335D33573362036",
108305,3865516,"2026-01-23 12:39:14",1769171954,"spasic","49000101057AEE5FEB6B736900000000",
108331,3865556,"2026-01-23 12:39:54",1769171994,"spasic","07000D0020000000D335D33573362036",
108356,3865597,"2026-01-23 12:40:35",1769172035,"spasic","49000101557AEE5F3B6C736900000000",
108384,3865637,"2026-01-23 12:41:15",1769172075,"spasic","07000D0020000000D335D33573362036",
108410,3865678,"2026-01-23 12:41:56",1769172116,"spasic","49000101A57AEE5F8B6C736900000000",
108434,3865718,"2026-01-23 12:42:36",1769172156,"spasic","07000D0020000000D335D33573362036",
108456,3865749,"2026-01-23 12:43:07",1769172187,"spasic","49000101F57AEE5FDB6C736900000000",
108482,3865789,"2026-01-23 12:43:47",1769172227,"spasic","07000D0020000000D335D33573362036",
108507,3865830,"2026-01-23 12:44:28",1769172268,"spasic","49000101457BEE5F2B6D736900000000",
108535,3865870,"2026-01-23 12:45:08",1769172308,"spasic","07000D0020000000D335D33573362036",
108561,3865911,"2026-01-23 12:45:49",1769172349,"spasic","49000101957BEE5F7B6D736900000000",
108586,3865951,"2026-01-23 12:46:29",1769172389,"spasic","07000D0020000000D335D33573362036",
108614,3865992,"2026-01-23 12:47:10",1769172430,"spasic","49000101E57BEE5FCB6D736900000000",
108640,3866032,"2026-01-23 12:47:50",1769172470,"spasic","07000D0020000000D335D33573362036",
108665,3866073,"2026-01-23 12:48:31",1769172511,"spasic","49000101357CEE5F1B6E736900000000",
108693,3866114,"2026-01-23 12:49:12",1769172552,"spasic","07000D0020000000D335D33573362036",
108719,3866154,"2026-01-23 12:49:52",1769172592,"spasic","49000101857CEE5F6B6E736900000000",
108744,3866195,"2026-01-23 12:50:33",1769172633,"spasic","07000D0020000000D335D33573362036",
108772,3866235,"2026-01-23 12:51:13",1769172673,"spasic","49000101D57CEE5FBB6E736900000000",
108798,3866276,"2026-01-23 12:51:54",1769172714,"spasic","07000D0020000000D335D33573362036",
108823,3866316,"2026-01-23 12:52:34",1769172754,"spasic","49000101257DEE5F0A6F736900000000",
108851,3866357,"2026-01-23 12:53:15",1769172795,"spasic","07000D0020000000D335D33573362036",
108877,3866397,"2026-01-23 12:53:55",1769172835,"spasic","49000101757DEE5F5B6F736900000000",
108902,3866438,"2026-01-23 12:54:36",1769172876,"spasic","07000D0020000000D335D33573362036",
108930,3866478,"2026-01-23 12:55:16",1769172916,"spasic","49000101C57DEE5FAB6F736900000000",
108950,3866509,"2026-01-23 12:55:47",1769172947,"spasic","07000D0020000000D335D33573362036",
108975,3866549,"2026-01-23 12:56:27",1769172987,"spasic","49000101157EEE5FFB6F736900000000",
109003,3866590,"2026-01-23 12:57:08",1769173028,"spasic","07000D0020000000D335D33573362036",
109029,3866630,"2026-01-23 12:57:48",1769173068,"spasic","49000101657EEE5F4B70736900000000",
109054,3866671,"2026-01-23 12:58:29",1769173109,"spasic","07000D0020000000D335D33573362036",
109082,3866711,"2026-01-23 12:59:09",1769173149,"spasic","49000101B57EEE5F9A70736900000000",
109107,3866752,"2026-01-23 12:59:49",1769173189,"spasic","07000D0020000000D335D33573362036",
109132,3866792,"2026-01-23 13:00:29",1769173229,"spasic","49000101057FEE5FEB70736900000000",
109160,3866833,"2026-01-23 13:01:10",1769173270,"spasic","07000D0020000000D335D33573362036",
109186,3866873,"2026-01-23 13:01:50",1769173310,"spasic","49000101557FEE5F3B71736900000000",
109210,3866914,"2026-01-23 13:02:31",1769173351,"spasic","07000D0020000000D335D33573362036",
109238,3866954,"2026-01-23 13:03:11",1769173391,"spasic","49000101A57FEE5F8B71736900000000",
109264,3866995,"2026-01-23 13:03:52",1769173432,"spasic","07000D0020000000D335D33573362036",
109289,3867035,"2026-01-23 13:04:32",1769173472,"spasic","49000101F57FEE5FDB71736900000000",
109317,3867076,"2026-01-23 13:05:13",1769173513,"spasic","07000D0020000000D335D33573362036",
109343,3867116,"2026-01-23 13:05:53",1769173553,"spasic","490001014580EE5F2A72736900000000",
109368,3867157,"2026-01-23 13:06:34",1769173594,"spasic","07000D0020000000D335D33573362036",
109396,3867197,"2026-01-23 13:07:14",1769173634,"spasic","490001019580EE5F7A72736900000000",
109422,3867238,"2026-01-23 13:07:55",1769173675,"spasic","07000D0020000000D335D33573362036",
109448,3867278,"2026-01-23 13:08:35",1769173715,"spasic","49000101E580EE5FCB72736900000000",
109469,3867309,"2026-01-23 13:09:06",1769173746,"spasic","07000D0020000000D335D33573362036",
109495,3867349,"2026-01-23 13:09:46",1769173786,"spasic","490001013581EE5F1B73736900000000",
109520,3867390,"2026-01-23 13:10:27",1769173827,"spasic","07000D0020000000D335D33573362036",
109548,3867430,"2026-01-23 13:11:07",1769173867,"spasic","490001018581EE5F6B73736900000000",
109574,3867471,"2026-01-23 13:11:48",1769173908,"spasic","07000D0020000000D335D33573362036",
109599,3867511,"2026-01-23 13:12:28",1769173948,"spasic","49000101D581EE5FBB73736900000000",
109627,3867552,"2026-01-23 13:13:09",1769173989,"spasic","07000D0020000000D335D33573362036",
109653,3867592,"2026-01-23 13:13:49",1769174029,"spasic","490001012582EE5F0A74736900000000",
109678,3867633,"2026-01-23 13:14:30",1769174070,"spasic","07000D0020000000D335D33573362036",
109706,3867673,"2026-01-23 13:15:10",1769174110,"spasic","490001017582EE5F5B74736900000000",
109732,3867714,"2026-01-23 13:15:51",1769174151,"spasic","07000D0020000000D335D33573362036",
109757,3867755,"2026-01-23 13:16:32",1769174192,"spasic","49000101C582EE5FAB74736900000000",
109785,3867795,"2026-01-23 13:17:12",1769174232,"spasic","07000D0020000000D335D33573362036",
109811,3867836,"2026-01-23 13:17:53",1769174273,"spasic","490001011583EE5FFB74736900000000",
109837,3867876,"2026-01-23 13:18:33",1769174313,"spasic","07000D0020000000D335D33573362036",
109864,3867917,"2026-01-23 13:19:14",1769174354,"spasic","490001016583EE5F4C75736900000000",
109889,3867957,"2026-01-23 13:19:54",1769174394,"spasic","07000D0020000000D335D33573362036",
109914,3867998,"2026-01-23 13:20:35",1769174435,"spasic","49000101B583EE5F9A75736900000000",
109940,3868038,"2026-01-23 13:21:15",1769174475,"spasic","07000D0020000000D335D33573362036",
109966,3868079,"2026-01-23 13:21:56",1769174516,"spasic","490001010584EE5FEA75736900000000",
109984,3868109,"2026-01-23 13:22:26",1769174546,"spasic","07000D0020000000D335D33573362036",
110011,3868150,"2026-01-23 13:23:07",1769174587,"spasic","490001015584EE5F3B76736900000000",
110037,3868190,"2026-01-23 13:23:47",1769174627,"spasic","07000D0020000000D335D33573362036",
110062,3868231,"2026-01-23 13:24:28",1769174668,"spasic","49000101A584EE5F8B76736900000000",
110090,3868271,"2026-01-23 13:25:08",1769174708,"spasic","07000D0020000000D335D33573362036",
110116,3868312,"2026-01-23 13:25:49",1769174749,"spasic","49000101F584EE5FDC76736900000000",
110141,3868352,"2026-01-23 13:26:29",1769174789,"spasic","07000D0020000000D335D33573362036",
110169,3868393,"2026-01-23 13:27:10",1769174830,"spasic","490001014585EE5F2A77736900000000",
110195,3868433,"2026-01-23 13:27:50",1769174870,"spasic","07000D0020000000D335D33573362036",
110220,3868474,"2026-01-23 13:28:31",1769174911,"spasic","490001019585EE5F7A77736900000000",
110248,3868514,"2026-01-23 13:29:11",1769174951,"spasic","07000D0020000000D335D33573362036",
110274,3868555,"2026-01-23 13:29:52",1769174992,"spasic","49000101E585EE5FCB77736900000000",
110300,3868595,"2026-01-23 13:30:32",1769175032,"spasic","07000D0020000000D335D33573362036",
110327,3868636,"2026-01-23 13:31:13",1769175073,"spasic","490001013586EE5F1B78736900000000",
110353,3868676,"2026-01-23 13:31:53",1769175113,"spasic","07000D0020000000D335D33573362036",
110379,3868717,"2026-01-23 13:32:34",1769175154,"spasic","490001018586EE5F6B78736900000000",
110406,3868757,"2026-01-23 13:33:14",1769175194,"spasic","07000D0020000000D335D33573362036",
110432,3868798,"2026-01-23 13:33:55",1769175235,"spasic","49000101D586EE5FBB78736900000000",
110458,3868838,"2026-01-23 13:34:35",1769175275,"spasic","07000D0020000000D335D33573362036",
110479,3868869,"2026-01-23 13:35:06",1769175306,"spasic","490001012587EE5F0A79736900000000",
110505,3868909,"2026-01-23 13:35:46",1769175346,"spasic","07000D0020000000D335D33573362036",
110530,3868950,"2026-01-23 13:36:27",1769175387,"spasic","490001017587EE5F5B79736900000000",
110558,3868990,"2026-01-23 13:37:07",1769175427,"spasic","07000D0020000000D335D33573362036",
110584,3869031,"2026-01-23 13:37:48",1769175468,"spasic","49000101C587EE5FAB79736900000000",
110609,3869071,"2026-01-23 13:38:28",1769175508,"spasic","07000D0020000000D335D33573362036",
110637,3869112,"2026-01-23 13:39:09",1769175549,"spasic","490001011588EE5FFB79736900000000",
110663,3869152,"2026-01-23 13:39:49",1769175589,"spasic","07000D0020000000D335D33573362036",
110689,3869193,"2026-01-23 13:40:30",1769175630,"spasic","490001016588EE5F4B7A736900000000",
110716,3869233,"2026-01-23 13:41:10",1769175670,"spasic","07000D0020000000D335D33573362036",
110742,3869274,"2026-01-23 13:41:51",1769175711,"spasic","49000101B588EE5F9B7A736900000000",
110766,3869314,"2026-01-23 13:42:31",1769175751,"spasic","07000D0020000000D335D33573362036",
110793,3869355,"2026-01-23 13:43:12",1769175792,"spasic","490001010589EE5FEB7A736900000000",
110819,3869395,"2026-01-23 13:43:52",1769175832,"spasic","07000D0020000000D335D33573362036",
110845,3869436,"2026-01-23 13:44:33",1769175873,"spasic","490001015589EE5F3B7B736900000000",
110872,3869477,"2026-01-23 13:45:14",1769175914,"spasic","07000D0020000000D335D33573362036",
110898,3869517,"2026-01-23 13:45:54",1769175954,"spasic","49000101A589EE5F8B7B736900000000",
110924,3869558,"2026-01-23 13:46:35",1769175995,"spasic","07000D0020000000D335D33573362036",
110951,3869598,"2026-01-23 13:47:15",1769176035,"spasic","49000101F589EE5FDB7B736900000000",
110977,3869639,"2026-01-23 13:47:56",1769176076,"spasic","07000D0020000000D335D33573362036",
110996,3869669,"2026-01-23 13:48:26",1769176106,"spasic","49000101458AEE5F2B7C736900000000",
111024,3869709,"2026-01-23 13:49:06",1769176146,"spasic","07000D0020000000D335D33573362036",
111050,3869750,"2026-01-23 13:49:47",1769176187,"spasic","49000101958AEE5F7A7C736900000000",
111075,3869791,"2026-01-23 13:50:28",1769176228,"spasic","07000D0020000000D335D33573362036",
111103,3869831,"2026-01-23 13:51:08",1769176268,"spasic","49000101E58AEE5FCB7C736900000000",
111129,3869872,"2026-01-23 13:51:49",1769176309,"spasic","07000D0020000000D335D33573362036",
111155,3869912,"2026-01-23 13:52:29",1769176349,"spasic","49000101358BEE5F1B7D736900000000",
111182,3869953,"2026-01-23 13:53:10",1769176390,"spasic","07000D0020000000D335D33573362036",
111208,3869993,"2026-01-23 13:53:50",1769176430,"spasic","49000101858BEE5F6B7D736900000000",
111234,3870034,"2026-01-23 13:54:31",1769176471,"spasic","07000D0020000000D335D33573362036",
111261,3870074,"2026-01-23 13:55:11",1769176511,"spasic","49000101D58BEE5FBB7D736900000000",
111287,3870115,"2026-01-23 13:55:52",1769176552,"spasic","07000D0020000000D335D33573362036",
111313,3870155,"2026-01-23 13:56:32",1769176592,"spasic","49000101258CEE5F0A7E736900000000",
111340,3870196,"2026-01-23 13:57:13",1769176633,"spasic","07000D0020000000D335D33573362036",
111366,3870236,"2026-01-23 13:57:53",1769176673,"spasic","49000101758CEE5F5A7E736900000000",
111392,3870277,"2026-01-23 13:58:34",1769176714,"spasic","07000D0020000000D335D33573362036",
111419,3870317,"2026-01-23 13:59:14",1769176754,"spasic","49000101C58CEE5FAB7E736900000000",
111445,3870358,"2026-01-23 13:59:55",1769176795,"spasic","07000D0020000000D335D33573362036",
111471,3870398,"2026-01-23 14:00:35",1769176835,"spasic","49000101158DEE5FFB7E736900000000",
111492,3870429,"2026-01-23 14:01:06",1769176866,"spasic","07000D0020000000D335D33573362036",
111518,3870469,"2026-01-23 14:01:46",1769176906,"spasic","49000101658DEE5F4B7F736900000000",
111544,3870510,"2026-01-23 14:02:27",1769176947,"spasic","07000D0020000000D335D33573362036",
111570,3870550,"2026-01-23 14:03:07",1769176987,"spasic","49000101B58DEE5F9A7F736900000000",
111596,3870591,"2026-01-23 14:03:48",1769177028,"spasic","07000D0020000000D335D33573362036",
111622,3870631,"2026-01-23 14:04:28",1769177068,"spasic","49000101058EEE5FEA7F736900000000",
111649,3870672,"2026-01-23 14:05:09",1769177109,"spasic","07000D0020000000D335D33573362036",
111675,3870712,"2026-01-23 14:05:49",1769177149,"spasic","49000101558EEE5F3B80736900000000",
111701,3870753,"2026-01-23 14:06:30",1769177190,"spasic","07000D0020000000D335D33573362036",
111728,3870793,"2026-01-23 14:07:10",1769177230,"spasic","49000101A58EEE5F8B80736900000000",
111754,3870834,"2026-01-23 14:07:51",1769177271,"spasic","07000D0020000000D335D33573362036",
111780,3870874,"2026-01-23 14:08:31",1769177311,"spasic","49000101F58EEE5FDB80736900000000",
111807,3870915,"2026-01-23 14:09:12",1769177352,"spasic","07000D0020000000D335D33573362036",
111833,3870955,"2026-01-23 14:09:52",1769177392,"spasic","49000101458FEE5F2B81736900000000",
111859,3870996,"2026-01-23 14:10:33",1769177433,"spasic","07000D0020000000D335D33573362036",
111886,3871036,"2026-01-23 14:11:13",1769177473,"spasic","49000101958FEE5F7A81736900000000",
111912,3871077,"2026-01-23 14:11:54",1769177514,"spasic","07000D0020000000D335D33573362036",
111938,3871117,"2026-01-23 14:12:34",1769177554,"spasic","49000101E58FEE5FCB81736900000000",
111965,3871158,"2026-01-23 14:13:15",1769177595,"spasic","07000D0020000000D335D33573362036",
111991,3871198,"2026-01-23 14:13:55",1769177635,"spasic","490001013590EE5F1B82736900000000",
112011,3871229,"2026-01-23 14:14:26",1769177666,"spasic","07000D0020000000D335D33573362036",
112038,3871269,"2026-01-23 14:15:06",1769177706,"spasic","490001018590EE5F6B82736900000000",
112064,3871310,"2026-01-23 14:15:47",1769177747,"spasic","07000D0020000000D335D33573362036",
112090,3871350,"2026-01-23 14:16:27",1769177787,"spasic","49000101D590EE5FBB82736900000000",
112117,3871391,"2026-01-23 14:17:08",1769177828,"spasic","07000D0020000000D335D33573362036",
112143,3871431,"2026-01-23 14:17:48",1769177868,"spasic","490001012591EE5F0A83736900000000",
112169,3871472,"2026-01-23 14:18:29",1769177909,"spasic","07000D0020000000D335D33573362036",
112196,3871512,"2026-01-23 14:19:09",1769177949,"spasic","490001017591EE5F5B83736900000000",
112222,3871553,"2026-01-23 14:19:50",1769177990,"spasic","07000D0020000000D335D33573362036",
112248,3871593,"2026-01-23 14:20:30",1769178030,"spasic","49000101C591EE5FAB83736900000000",
112275,3871634,"2026-01-23 14:21:11",1769178071,"spasic","07000D0020000000D335D33573362036",
112301,3871675,"2026-01-23 14:21:52",1769178112,"spasic","490001011592EE5FFB83736900000000",
112326,3871715,"2026-01-23 14:22:32",1769178152,"spasic","07000D0020000000D335D33573362036",
112378,3871796,"2026-01-23 14:23:54",1769178234,"spasic","07000D0020000000D335D33573362036",
112405,3871837,"2026-01-23 14:24:35",1769178275,"spasic","49000101B592EE5F9A84736900000000",
112431,3871877,"2026-01-23 14:25:15",1769178315,"spasic","07000D0020000000D335D33573362036",
112457,3871918,"2026-01-23 14:25:56",1769178356,"spasic","490001010593EE5FEA84736900000000",
112484,3871958,"2026-01-23 14:26:36",1769178396,"spasic","07000D0020000000D335D33573362036",
112504,3871989,"2026-01-23 14:27:07",1769178427,"spasic","490001015593EE5F3B85736900000000",
112530,3872029,"2026-01-23 14:27:47",1769178467,"spasic","07000D0020000000D335D33573362036",
112556,3872070,"2026-01-23 14:28:28",1769178508,"spasic","49000101A593EE5F8B85736900000000",
112583,3872110,"2026-01-23 14:29:08",1769178548,"spasic","07000D0020000000D335D33573362036",
112609,3872151,"2026-01-23 14:29:49",1769178589,"spasic","49000101F593EE5FDB85736900000000",
112635,3872191,"2026-01-23 14:30:29",1769178629,"spasic","07000D0020000000D335D33573362036",
112662,3872232,"2026-01-23 14:31:10",1769178670,"spasic","490001014594EE5F2A86736900000000",
112688,3872272,"2026-01-23 14:31:50",1769178710,"spasic","07000D0020000000D335D33573362036",
112714,3872313,"2026-01-23 14:32:31",1769178751,"spasic","490001019594EE5F7A86736900000000",
112741,3872353,"2026-01-23 14:33:11",1769178791,"spasic","07000D0020000000D335D33573362036",
112767,3872394,"2026-01-23 14:33:52",1769178832,"spasic","49000101E594EE5FCB86736900000000",
112794,3872434,"2026-01-23 14:34:32",1769178872,"spasic","07000D0020000000D335D33573362036",
112820,3872475,"2026-01-23 14:35:13",1769178913,"spasic","490001013595EE5F1B87736900000000",
112846,3872515,"2026-01-23 14:35:53",1769178953,"spasic","07000D0020000000D335D33573362036",
112873,3872556,"2026-01-23 14:36:34",1769178994,"spasic","490001018595EE5F6B87736900000000",
112899,3872596,"2026-01-23 14:37:14",1769179034,"spasic","07000D0020000000D335D33573362036",
112925,3872637,"2026-01-23 14:37:55",1769179075,"spasic","49000101D595EE5FBB87736900000000",
112952,3872677,"2026-01-23 14:38:35",1769179115,"spasic","07000D0020000000D335D33573362036",
112978,3872718,"2026-01-23 14:39:16",1769179156,"spasic","490001012596EE5F0A88736900000000",
113004,3872758,"2026-01-23 14:39:56",1769179196,"spasic","07000D0020000000D335D33573362036",
113024,3872789,"2026-01-23 14:40:27",1769179227,"spasic","490001017596EE5F5A88736900000000",
113051,3872829,"2026-01-23 14:41:07",1769179267,"spasic","07000D0020000000D335D33573362036",
113077,3872870,"2026-01-23 14:41:48",1769179308,"spasic","49000101C596EE5FAB88736900000000",
113101,3872910,"2026-01-23 14:42:28",1769179348,"spasic","07000D0020000000D335D33573362036",
113128,3872951,"2026-01-23 14:43:09",1769179389,"spasic","490001011597EE5FFB88736900000000",
113154,3872991,"2026-01-23 14:43:49",1769179429,"spasic","07000D0020000000D335D33573362036",
113180,3873032,"2026-01-23 14:44:30",1769179470,"spasic","490001016597EE5F4B89736900000000",
113207,3873072,"2026-01-23 14:45:10",1769179510,"spasic","07000D0020000000D335D33573362036",
113233,3873113,"2026-01-23 14:45:51",1769179551,"spasic","49000101B597EE5F9A89736900000000",
113260,3873153,"2026-01-23 14:46:31",1769179591,"spasic","07000D0020000000D335D33573362036",
113286,3873194,"2026-01-23 14:47:12",1769179632,"spasic","490001010598EE5FEA89736900000000",
113312,3873234,"2026-01-23 14:47:52",1769179672,"spasic","07000D0020000000D335D33573362036",
113339,3873275,"2026-01-23 14:48:33",1769179713,"spasic","490001015598EE5F3B8A736900000000",
113365,3873315,"2026-01-23 14:49:13",1769179753,"spasic","07000D0020000000D335D33573362036",
113391,3873356,"2026-01-23 14:49:54",1769179794,"spasic","49000101A598EE5F8B8A736900000000",
113418,3873396,"2026-01-23 14:50:34",1769179834,"spasic","07000D0020000000D335D33573362036",
113444,3873437,"2026-01-23 14:51:15",1769179875,"spasic","49000101F598EE5FDB8A736900000000",
113470,3873478,"2026-01-23 14:51:56",1769179916,"spasic","07000D0020000000D335D33573362036",
113497,3873518,"2026-01-23 14:52:36",1769179956,"spasic","490001014599EE5F2A8B736900000000",
113523,3873559,"2026-01-23 14:53:17",1769179997,"spasic","07000D0020000000D335D33573362036",
113543,3873589,"2026-01-23 14:53:47",1769180027,"spasic","490001019599EE5F7A8B736900000000",
113569,3873629,"2026-01-23 14:54:27",1769180067,"spasic","07000D0020000000D335D33573362036",
113596,3873670,"2026-01-23 14:55:08",1769180108,"spasic","49000101E599EE5FCB8B736900000000",
113622,3873711,"2026-01-23 14:55:49",1769180149,"spasic","07000D0020000000D335D33573362036",
113648,3873751,"2026-01-23 14:56:29",1769180189,"spasic","49000101359AEE5F1B8C736900000000",
113675,3873792,"2026-01-23 14:57:10",1769180230,"spasic","07000D0020000000D335D33573362036",
113701,3873832,"2026-01-23 14:57:50",1769180270,"spasic","49000101859AEE5F6B8C736900000000",
113728,3873873,"2026-01-23 14:58:31",1769180311,"spasic","07000D0020000000D335D33573362036",
113754,3873913,"2026-01-23 14:59:11",1769180351,"spasic","49000101D59AEE5FBA8C736900000000",
113780,3873954,"2026-01-23 14:59:52",1769180392,"spasic","07000D0020000000D335D33573362036",
113807,3873994,"2026-01-23 15:00:32",1769180432,"spasic","49000101259BEE5F0A8D736900000000",
113833,3874035,"2026-01-23 15:01:13",1769180473,"spasic","07000D0020000000D335D33573362036",
113859,3874075,"2026-01-23 15:01:53",1769180513,"spasic","49000101759BEE5F5A8D736900000000",
113884,3874116,"2026-01-23 15:02:34",1769180554,"spasic","07000D0020000000D335D33573362036",
113910,3874156,"2026-01-23 15:03:14",1769180594,"spasic","49000101C59BEE5FAB8D736900000000",
113936,3874197,"2026-01-23 15:03:55",1769180635,"spasic","07000D0020000000D335D33573362036",
113963,3874237,"2026-01-23 15:04:35",1769180675,"spasic","49000101159CEE5FFB8D736900000000",
113989,3874278,"2026-01-23 15:05:16",1769180716,"spasic","07000D0020000000D335D33573362036",
114015,3874318,"2026-01-23 15:05:56",1769180756,"spasic","49000101659CEE5F4B8E736900000000",
114035,3874349,"2026-01-23 15:06:27",1769180787,"spasic","07000D0020000000D335D33573362036",
114062,3874389,"2026-01-23 15:07:07",1769180827,"spasic","49000101B59CEE5F9B8E736900000000",
114088,3874430,"2026-01-23 15:07:48",1769180868,"spasic","07000D0020000000D335D33573362036",
114115,3874470,"2026-01-23 15:08:28",1769180908,"spasic","49000101059DEE5FEA8E736900000000",
114141,3874511,"2026-01-23 15:09:09",1769180949,"spasic","07000D0020000000D335D33573362036",
114167,3874551,"2026-01-23 15:09:49",1769180989,"spasic","49000101559DEE5F3B8F736900000000",
114194,3874592,"2026-01-23 15:10:30",1769181030,"spasic","07000D0020000000D335D33573362036",
114220,3874632,"2026-01-23 15:11:10",1769181070,"spasic","49000101A59DEE5F8B8F736900000000",
114246,3874673,"2026-01-23 15:11:51",1769181111,"spasic","07000D0020000000D335D33573362036",
114273,3874713,"2026-01-23 15:12:31",1769181151,"spasic","49000101F59DEE5FDB8F736900000000",
114299,3874754,"2026-01-23 15:13:12",1769181192,"spasic","07000D0020000000D335D33573362036",
114325,3874794,"2026-01-23 15:13:52",1769181232,"spasic","49000101459EEE5F2B90736900000000",
114352,3874835,"2026-01-23 15:14:33",1769181273,"spasic","07000D0020000000D335D33573362036",
114378,3874875,"2026-01-23 15:15:13",1769181313,"spasic","49000101959EEE5F7A90736900000000",
114404,3874916,"2026-01-23 15:15:54",1769181354,"spasic","07000D0020000000D335D33573362036",
114431,3874956,"2026-01-23 15:16:34",1769181394,"spasic","49000101E59EEE5FCB90736900000000",
114457,3874997,"2026-01-23 15:17:15",1769181435,"spasic","07000D0020000000D335D33573362036",
114483,3875037,"2026-01-23 15:17:55",1769181475,"spasic","49000101359FEE5F1B91736900000000",
114511,3875078,"2026-01-23 15:18:36",1769181516,"spasic","07000D0020000000D335D33573362036",
114537,3875119,"2026-01-23 15:19:17",1769181557,"spasic","49000101859FEE5F6B91736900000000",
114556,3875149,"2026-01-23 15:19:47",1769181587,"spasic","07000D0020000000D335D33573362036",
114583,3875189,"2026-01-23 15:20:27",1769181627,"spasic","49000101D59FEE5FBB91736900000000",
114609,3875230,"2026-01-23 15:21:08",1769181668,"spasic","07000D0020000000D335D33573362036",
114635,3875270,"2026-01-23 15:21:48",1769181708,"spasic","4900010125A0EE5F0A92736900000000",
114661,3875311,"2026-01-23 15:22:29",1769181749,"spasic","07000D0020000000D335D33573362036",
114686,3875351,"2026-01-23 15:23:09",1769181789,"spasic","4900010175A0EE5F5A92736900000000",
114712,3875392,"2026-01-23 15:23:50",1769181830,"spasic","07000D0020000000D335D33573362036",
114739,3875433,"2026-01-23 15:24:31",1769181871,"spasic","49000101C5A0EE5FAB92736900000000",
114765,3875473,"2026-01-23 15:25:11",1769181911,"spasic","07000D0020000000D335D33573362036",
114791,3875514,"2026-01-23 15:25:52",1769181952,"spasic","4900010115A1EE5FFA92736900000000",
114818,3875554,"2026-01-23 15:26:32",1769181992,"spasic","07000D0020000000D335D33573362036",
114844,3875595,"2026-01-23 15:27:13",1769182033,"spasic","4900010165A1EE5F4A93736900000000",
114870,3875635,"2026-01-23 15:27:53",1769182073,"spasic","07000D0020000000D335D33573362036",
114897,3875676,"2026-01-23 15:28:34",1769182114,"spasic","49000101B5A1EE5F9A93736900000000",
114924,3875716,"2026-01-23 15:29:14",1769182154,"spasic","07000D0020000000D335D33573362036",
114949,3875757,"2026-01-23 15:29:55",1769182195,"spasic","4900010105A2EE5FE993736900000000",
114977,3875797,"2026-01-23 15:30:35",1769182235,"spasic","07000D0020000000D335D33573362036",
115003,3875838,"2026-01-23 15:31:16",1769182276,"spasic","4900010155A2EE5F3994736900000000",
115028,3875878,"2026-01-23 15:31:56",1769182316,"spasic","07000D0020000000D335D33573362036",
115049,3875909,"2026-01-23 15:32:27",1769182347,"spasic","49000101A5A2EE5F8B94736900000000",
115075,3875949,"2026-01-23 15:33:07",1769182387,"spasic","07000D0020000000D335D33573362036",
115101,3875990,"2026-01-23 15:33:48",1769182428,"spasic","49000101F5A2EE5FDB94736900000000",
115128,3876030,"2026-01-23 15:34:28",1769182468,"spasic","07000D0020000000D335D33573362036",
115154,3876071,"2026-01-23 15:35:09",1769182509,"spasic","4900010145A3EE5F2B95736900000000",
115180,3876111,"2026-01-23 15:35:49",1769182549,"spasic","07000D0020000000D335D33573362036",
115207,3876152,"2026-01-23 15:36:30",1769182590,"spasic","4900010195A3EE5F7A95736900000000",
115233,3876192,"2026-01-23 15:37:10",1769182630,"spasic","07000D0020000000D335D33573362036",
115259,3876233,"2026-01-23 15:37:51",1769182671,"spasic","49000101E5A3EE5FCA95736900000000",
115286,3876273,"2026-01-23 15:38:31",1769182711,"spasic","07000D0020000000D335D33573362036",
115312,3876314,"2026-01-23 15:39:12",1769182752,"spasic","4900010135A4EE5F1B96736900000000",
115338,3876354,"2026-01-23 15:39:52",1769182792,"spasic","07000D0020000000D335D33573362036",
115366,3876395,"2026-01-23 15:40:33",1769182833,"spasic","4900010185A4EE5F6B96736900000000",
115392,3876435,"2026-01-23 15:41:13",1769182873,"spasic","07000D0020000000D335D33573362036",
115417,3876476,"2026-01-23 15:41:54",1769182914,"spasic","49000101D5A4EE5FBB96736900000000",
115444,3876516,"2026-01-23 15:42:34",1769182954,"spasic","07000D0020000000D335D33573362036",
115470,3876557,"2026-01-23 15:43:15",1769182995,"spasic","4900010125A5EE5F0A97736900000000",
115495,3876597,"2026-01-23 15:43:55",1769183035,"spasic","07000D0020000000D335D33573362036",
115523,3876638,"2026-01-23 15:44:36",1769183076,"spasic","4900010175A5EE5F5A97736900000000",
115549,3876678,"2026-01-23 15:45:16",1769183116,"spasic","07000D0020000000D335D33573362036",
115568,3876709,"2026-01-23 15:45:47",1769183147,"spasic","49000101C5A5EE5FAB97736900000000",
115595,3876749,"2026-01-23 15:46:27",1769183187,"spasic","07000D0020000000D335D33573362036",
115620,3876790,"2026-01-23 15:47:08",1769183228,"spasic","4900010115A6EE5FFB97736900000000",
115646,3876830,"2026-01-23 15:47:48",1769183268,"spasic","07000D0020000000D335D33573362036",
115673,3876871,"2026-01-23 15:48:29",1769183309,"spasic","4900010165A6EE5F4B98736900000000",
115699,3876911,"2026-01-23 15:49:09",1769183349,"spasic","07000D0020000000D335D33573362036",
115725,3876952,"2026-01-23 15:49:50",1769183390,"spasic","49000101B5A6EE5F9A98736900000000",
115753,3876992,"2026-01-23 15:50:30",1769183430,"spasic","07000D0020000000D335D33573362036",
115779,3877033,"2026-01-23 15:51:11",1769183471,"spasic","4900010105A7EE5FEA98736900000000",
115804,3877073,"2026-01-23 15:51:51",1769183511,"spasic","07000D0020000000D335D33573362036",
115832,3877114,"2026-01-23 15:52:32",1769183552,"spasic","4900010155A7EE5F3B99736900000000",
115858,3877155,"2026-01-23 15:53:13",1769183593,"spasic","07000D0020000000D335D33573362036",
115883,3877195,"2026-01-23 15:53:53",1769183633,"spasic","49000101A5A7EE5F8B99736900000000",
115911,3877236,"2026-01-23 15:54:34",1769183674,"spasic","07000D0020000000D335D33573362036",
115937,3877276,"2026-01-23 15:55:14",1769183714,"spasic","49000101F5A7EE5FDB99736900000000",
115962,3877317,"2026-01-23 15:55:55",1769183755,"spasic","07000D0020000000D335D33573362036",
115990,3877357,"2026-01-23 15:56:35",1769183795,"spasic","4900010145A8EE5F2A9A736900000000",
116016,3877398,"2026-01-23 15:57:16",1769183836,"spasic","07000D0020000000D335D33573362036",
116041,3877438,"2026-01-23 15:57:56",1769183876,"spasic","4900010195A8EE5F7A9A736900000000",
116062,3877469,"2026-01-23 15:58:27",1769183907,"spasic","07000D0020000000D335D33573362036",
116088,3877509,"2026-01-23 15:59:07",1769183947,"spasic","49000101E5A8EE5FCA9A736900000000",
116114,3877550,"2026-01-23 15:59:48",1769183988,"spasic","07000D0020000000D335D33573362036",
116141,3877590,"2026-01-23 16:00:28",1769184028,"spasic","4900010135A9EE5F1B9B736900000000",
116168,3877631,"2026-01-23 16:01:09",1769184069,"spasic","07000D0020000000D335D33573362036",
116193,3877671,"2026-01-23 16:01:49",1769184109,"spasic","4900010185A9EE5F6B9B736900000000",
116220,3877712,"2026-01-23 16:02:30",1769184150,"spasic","07000D0020000000D335D33573362036",
116246,3877752,"2026-01-23 16:03:10",1769184190,"spasic","49000101D5A9EE5FBB9B736900000000",
116271,3877793,"2026-01-23 16:03:51",1769184231,"spasic","07000D0020000000D335D33573362036",
116299,3877833,"2026-01-23 16:04:31",1769184271,"spasic","4900010125AAEE5F0A9C736900000000",
116325,3877874,"2026-01-23 16:05:12",1769184312,"spasic","07000D0020000000D335D33573362036",
116350,3877914,"2026-01-23 16:05:52",1769184352,"spasic","4900010175AAEE5F5A9C736900000000",
116378,3877955,"2026-01-23 16:06:33",1769184393,"spasic","07000D0020000000D335D33573362036",
116404,3877995,"2026-01-23 16:07:13",1769184433,"spasic","49000101C5AAEE5FAB9C736900000000",
116429,3878036,"2026-01-23 16:07:54",1769184474,"spasic","07000D0020000000D335D33573362036",
116457,3878076,"2026-01-23 16:08:34",1769184514,"spasic","4900010115ABEE5FFB9C736900000000",
116483,3878117,"2026-01-23 16:09:15",1769184555,"spasic","07000D0020000000D335D33573362036",
116508,3878157,"2026-01-23 16:09:55",1769184595,"spasic","4900010165ABEE5F4B9D736900000000",
116536,3878198,"2026-01-23 16:10:36",1769184636,"spasic","07000D0020000000D335D33573362036",
116562,3878238,"2026-01-23 16:11:16",1769184676,"spasic","49000101B5ABEE5F9A9D736900000000",
116581,3878269,"2026-01-23 16:11:47",1769184707,"spasic","07000D0020000000D335D33573362036",
116609,3878309,"2026-01-23 16:12:27",1769184747,"spasic","4900010105ACEE5FEA9D736900000000",
116635,3878350,"2026-01-23 16:13:08",1769184788,"spasic","07000D0020000000D335D33573362036",
116660,3878390,"2026-01-23 16:13:48",1769184828,"spasic","4900010155ACEE5F3A9E736900000000",
116688,3878431,"2026-01-23 16:14:29",1769184869,"spasic","07000D0020000000D335D33573362036",
116714,3878471,"2026-01-23 16:15:09",1769184909,"spasic","49000101A5ACEE5F8B9E736900000000",
116739,3878512,"2026-01-23 16:15:50",1769184950,"spasic","07000D0020000000D335D33573362036",
116767,3878552,"2026-01-23 16:16:30",1769184990,"spasic","49000101F5ACEE5FDB9E736900000000",
116793,3878593,"2026-01-23 16:17:11",1769185031,"spasic","07000D0020000000D335D33573362036",
116818,3878633,"2026-01-23 16:17:51",1769185071,"spasic","4900010145ADEE5F2A9F736900000000",
116846,3878674,"2026-01-23 16:18:32",1769185112,"spasic","07000D0020000000D335D33573362036",
116872,3878714,"2026-01-23 16:19:12",1769185152,"spasic","4900010195ADEE5F7A9F736900000000",
116895,3878755,"2026-01-23 16:19:53",1769185193,"spasic","07000D0020000000D335D33573362036",
116921,3878795,"2026-01-23 16:20:33",1769185233,"spasic","49000101E5ADEE5FC99F736900000000",
116945,3878836,"2026-01-23 16:21:14",1769185274,"spasic","07000D0020000000D335D33573362036",
116966,3878876,"2026-01-23 16:21:54",1769185314,"spasic","4900010135AEEE5F1BA0736900000000",
116991,3878917,"2026-01-23 16:22:35",1769185355,"spasic","07000D0020000000D335D33573362036",
117017,3878958,"2026-01-23 16:23:16",1769185396,"spasic","4900010185AEEE5F6BA0736900000000",
117042,3878998,"2026-01-23 16:23:56",1769185436,"spasic","07000D0020000000D335D33573362036",
117064,3879028,"2026-01-23 16:24:26",1769185466,"spasic","49000101D5AEEE5FBAA0736900000000",
117090,3879069,"2026-01-23 16:25:07",1769185507,"spasic","07000D0020000000D335D33573362036",
117115,3879109,"2026-01-23 16:25:47",1769185547,"spasic","4900010125AFEE5F0AA1736900000000",
117143,3879150,"2026-01-23 16:26:28",1769185588,"spasic","07000D0020000000D335D33573362036",
117169,3879190,"2026-01-23 16:27:08",1769185628,"spasic","4900010175AFEE5F59A1736900000000",
117194,3879231,"2026-01-23 16:27:49",1769185669,"spasic","07000D0020000000D335D33573362036",
117222,3879272,"2026-01-23 16:28:30",1769185710,"spasic","49000101C5AFEE5FAAA1736900000000",
117248,3879312,"2026-01-23 16:29:10",1769185750,"spasic","07000D0020000000D335D33573362036",
117273,3879353,"2026-01-23 16:29:51",1769185791,"spasic","4900010115B0EE5FFAA1736900000000",
117301,3879393,"2026-01-23 16:30:31",1769185831,"spasic","07000D0020000000D335D33573362036",
117327,3879434,"2026-01-23 16:31:12",1769185872,"spasic","4900010165B0EE5F4AA2736900000000",
117352,3879474,"2026-01-23 16:31:52",1769185912,"spasic","07000D0020000000D335D33573362036",
117380,3879515,"2026-01-23 16:32:33",1769185953,"spasic","49000101B5B0EE5F9AA2736900000000",
117406,3879555,"2026-01-23 16:33:13",1769185993,"spasic","07000D0020000000D335D33573362036",
117431,3879596,"2026-01-23 16:33:54",1769186034,"spasic","4900010105B1EE5FEAA2736900000000",
117459,3879636,"2026-01-23 16:34:34",1769186074,"spasic","07000D0020000000D335D33573362036",
117485,3879677,"2026-01-23 16:35:15",1769186115,"spasic","4900010155B1EE5F39A3736900000000",
117510,3879717,"2026-01-23 16:35:55",1769186155,"spasic","07000D0020000000D335D33573362036",
117538,3879758,"2026-01-23 16:36:36",1769186196,"spasic","49000101A5B1EE5F8AA3736900000000",
117564,3879798,"2026-01-23 16:37:16",1769186236,"spasic","07000D0020000000D335D33573362036",
117583,3879829,"2026-01-23 16:37:47",1769186267,"spasic","49000101F5B1EE5FDBA3736900000000",
117611,3879869,"2026-01-23 16:38:27",1769186307,"spasic","07000D0020000000D335D33573362036",
117637,3879910,"2026-01-23 16:39:08",1769186348,"spasic","4900010145B2EE5F2BA4736900000000",
117662,3879950,"2026-01-23 16:39:48",1769186388,"spasic","07000D0020000000D335D33573362036",
117690,3879991,"2026-01-23 16:40:29",1769186429,"spasic","4900010195B2EE5F7AA4736900000000",
117716,3880031,"2026-01-23 16:41:09",1769186469,"spasic","07000D0020000000D335D33573362036",
117741,3880072,"2026-01-23 16:41:50",1769186510,"spasic","49000101E5B2EE5FCAA4736900000000",
117767,3880112,"2026-01-23 16:42:30",1769186550,"spasic","07000D0020000000D335D33573362036",
117793,3880153,"2026-01-23 16:43:11",1769186591,"spasic","4900010135B3EE5F1BA5736900000000",
117818,3880193,"2026-01-23 16:43:51",1769186631,"spasic","07000D0020000000D335D33573362036",
117846,3880234,"2026-01-23 16:44:32",1769186672,"spasic","4900010185B3EE5F6BA5736900000000",
117872,3880274,"2026-01-23 16:45:12",1769186712,"spasic","07000D0020000000D335D33573362036",
117897,3880315,"2026-01-23 16:45:53",1769186753,"spasic","49000101D5B3EE5FBBA5736900000000",
117925,3880355,"2026-01-23 16:46:33",1769186793,"spasic","07000D0020000000D335D33573362036",
117951,3880396,"2026-01-23 16:47:14",1769186834,"spasic","4900010125B4EE5F0AA6736900000000",
117976,3880436,"2026-01-23 16:47:54",1769186874,"spasic","07000D0020000000D335D33573362036",
118004,3880477,"2026-01-23 16:48:35",1769186915,"spasic","4900010175B4EE5F5AA6736900000000",
118030,3880517,"2026-01-23 16:49:15",1769186955,"spasic","07000D0020000000D335D33573362036",
118055,3880558,"2026-01-23 16:49:56",1769186996,"spasic","49000101C5B4EE5FABA6736900000000",
118083,3880598,"2026-01-23 16:50:36",1769187036,"spasic","07000D0020000000D335D33573362036",
118103,3880629,"2026-01-23 16:51:07",1769187067,"spasic","4900010115B5EE5FFBA6736900000000",
118128,3880669,"2026-01-23 16:51:47",1769187107,"spasic","07000D0020000000D335D33573362036",
118156,3880710,"2026-01-23 16:52:28",1769187148,"spasic","4900010165B5EE5F4BA7736900000000",
118182,3880750,"2026-01-23 16:53:08",1769187188,"spasic","07000D0020000000D335D33573362036",
118207,3880791,"2026-01-23 16:53:49",1769187229,"spasic","49000101B5B5EE5F9AA7736900000000",
118235,3880831,"2026-01-23 16:54:29",1769187269,"spasic","07000D0020000000D335D33573362036",
118261,3880872,"2026-01-23 16:55:10",1769187310,"spasic","4900010105B6EE5FEAA7736900000000",
118286,3880912,"2026-01-23 16:55:50",1769187350,"spasic","07000D0020000000D335D33573362036",
118314,3880953,"2026-01-23 16:56:31",1769187391,"spasic","4900010155B6EE5F3AA8736900000000",
118340,3880994,"2026-01-23 16:57:12",1769187432,"spasic","07000D0020000000D335D33573362036",
118365,3881034,"2026-01-23 16:57:52",1769187472,"spasic","49000101A5B6EE5F8BA8736900000000",
118393,3881075,"2026-01-23 16:58:33",1769187513,"spasic","07000D0020000000D335D33573362036",
118419,3881115,"2026-01-23 16:59:13",1769187553,"spasic","49000101F5B6EE5FDBA8736900000000",
118444,3881156,"2026-01-23 16:59:54",1769187594,"spasic","07000D0020000000D335D33573362036",
118472,3881196,"2026-01-23 17:00:34",1769187634,"spasic","4900010145B7EE5F2AA9736900000000",
118498,3881237,"2026-01-23 17:01:15",1769187675,"spasic","07000D0020000000D335D33573362036",
118523,3881277,"2026-01-23 17:01:55",1769187715,"spasic","4900010195B7EE5F7AA9736900000000",
118550,3881318,"2026-01-23 17:02:36",1769187756,"spasic","07000D0020000000D335D33573362036",
118576,3881358,"2026-01-23 17:03:16",1769187796,"spasic","49000101E5B7EE5FCAA9736900000000",
118595,3881389,"2026-01-23 17:03:47",1769187827,"spasic","07000D0020000000D335D33573362036",
118623,3881429,"2026-01-23 17:04:27",1769187867,"spasic","4900010135B8EE5F1BAA736900000000",
118649,3881470,"2026-01-23 17:05:08",1769187908,"spasic","07000D0020000000D335D33573362036",
118674,3881510,"2026-01-23 17:05:48",1769187948,"spasic","4900010185B8EE5F6BAA736900000000",
118702,3881551,"2026-01-23 17:06:29",1769187989,"spasic","07000D0020000000D335D33573362036",
118728,3881591,"2026-01-23 17:07:09",1769188029,"spasic","49000101D5B8EE5FBBAA736900000000",
118753,3881632,"2026-01-23 17:07:50",1769188070,"spasic","07000D0020000000D335D33573362036",
118781,3881672,"2026-01-23 17:08:30",1769188110,"spasic","4900010125B9EE5F0AAB736900000000",
118807,3881713,"2026-01-23 17:09:11",1769188151,"spasic","07000D0020000000D335D33573362036",
118832,3881753,"2026-01-23 17:09:51",1769188191,"spasic","4900010175B9EE5F5AAB736900000000",
118860,3881794,"2026-01-23 17:10:32",1769188232,"spasic","07000D0020000000D335D33573362036",
118899,3927113,"2026-01-24 05:45:50",1769233550,"spasic","49000101A56AEF5F895C746900000000",
118925,3927153,"2026-01-24 05:46:30",1769233590,"spasic","07000D0020000000D335D33573362036",
118951,3927194,"2026-01-24 05:47:11",1769233631,"spasic","49000101F56AEF5FD85C746900000000",
118978,3927234,"2026-01-24 05:47:51",1769233671,"spasic","07000D0020000000D335D33573362036",
119004,3927275,"2026-01-24 05:48:32",1769233712,"spasic","49000101456BEF5F285D746900000000",
119030,3927315,"2026-01-24 05:49:12",1769233752,"spasic","07000D0020000000D335D33573362036",
119057,3927356,"2026-01-24 05:49:53",1769233793,"spasic","49000101956BEF5F785D746900000000",
119084,3927396,"2026-01-24 05:50:33",1769233833,"spasic","07000D0020000000D335D33573362036",
119109,3927437,"2026-01-24 05:51:14",1769233874,"spasic","49000101E56BEF5FC85D746900000000",
119137,3927478,"2026-01-24 05:51:55",1769233915,"spasic","07000D0020000000D335D33573362036",
119156,3927508,"2026-01-24 05:52:25",1769233945,"spasic","49000101356CEF5F195E746900000000",
119182,3927548,"2026-01-24 05:53:05",1769233985,"spasic","07000D0020000000D335D33573362036",
119209,3927589,"2026-01-24 05:53:46",1769234026,"spasic","49000101856CEF5F685E746900000000",
119235,3927629,"2026-01-24 05:54:26",1769234066,"spasic","07000D0020000000D335D33573362036",
119261,3927670,"2026-01-24 05:55:07",1769234107,"spasic","49000101D56CEF5FB85E746900000000",
119288,3927711,"2026-01-24 05:55:48",1769234148,"spasic","07000D0020000000D335D33573362036",
119314,3927751,"2026-01-24 05:56:28",1769234188,"spasic","49000101256DEF5F085F746900000000",
119340,3927792,"2026-01-24 05:57:09",1769234229,"spasic","07000D0020000000D335D33573362036",
119367,3927832,"2026-01-24 05:57:49",1769234269,"spasic","49000101756DEF5F585F746900000000",
119393,3927873,"2026-01-24 05:58:30",1769234310,"spasic","07000D0020000000D335D33573362036",
119419,3927913,"2026-01-24 05:59:10",1769234350,"spasic","49000101C56DEF5FA95F746900000000",
119446,3927954,"2026-01-24 05:59:51",1769234391,"spasic","07000D0020000000D335D33573362036",
119472,3927994,"2026-01-24 06:00:31",1769234431,"spasic","49000101156EEF5FF85F746900000000",
119498,3928035,"2026-01-24 06:01:12",1769234472,"spasic","07000D0020000000D335D33573362036",
119526,3928075,"2026-01-24 06:01:52",1769234512,"spasic","49000101656EEF5F4860746900000000",
119552,3928116,"2026-01-24 06:02:33",1769234553,"spasic","07000D0020000000D335D33573362036",
119577,3928156,"2026-01-24 06:03:13",1769234593,"spasic","49000101B56EEF5F9860746900000000",
119605,3928197,"2026-01-24 06:03:54",1769234634,"spasic","07000D0020000000D335D33573362036",
119631,3928237,"2026-01-24 06:04:34",1769234674,"spasic","49000101056FEF5FE860746900000000",
119656,3928278,"2026-01-24 06:05:15",1769234715,"spasic","07000D0020000000D335D33573362036",
119677,3928308,"2026-01-24 06:05:45",1769234745,"spasic","49000101556FEF5F3861746900000000",
119703,3928349,"2026-01-24 06:06:26",1769234786,"spasic","07000D0020000000D335D33573362036",
119729,3928389,"2026-01-24 06:07:06",1769234826,"spasic","49000101A56FEF5F8961746900000000",
119756,3928430,"2026-01-24 06:07:47",1769234867,"spasic","07000D0020000000D335D33573362036",
119782,3928470,"2026-01-24 06:08:27",1769234907,"spasic","49000101F56FEF5FD861746900000000",
119808,3928511,"2026-01-24 06:09:08",1769234948,"spasic","07000D0020000000D335D33573362036",
119835,3928551,"2026-01-24 06:09:48",1769234988,"spasic","490001014570EF5F2862746900000000",
119861,3928592,"2026-01-24 06:10:29",1769235029,"spasic","07000D0020000000D335D33573362036",
119887,3928632,"2026-01-24 06:11:09",1769235069,"spasic","490001019570EF5F7862746900000000",
119914,3928673,"2026-01-24 06:11:50",1769235110,"spasic","07000D0020000000D335D33573362036",
119941,3928713,"2026-01-24 06:12:30",1769235150,"spasic","49000101E570EF5FC862746900000000",
119966,3928754,"2026-01-24 06:13:11",1769235191,"spasic","07000D0020000000D335D33573362036",
119994,3928794,"2026-01-24 06:13:51",1769235231,"spasic","490001013571EF5F1963746900000000",
120020,3928835,"2026-01-24 06:14:32",1769235272,"spasic","07000D0020000000D335D33573362036",
120045,3928875,"2026-01-24 06:15:12",1769235312,"spasic","490001018571EF5F6963746900000000",
120073,3928916,"2026-01-24 06:15:53",1769235353,"spasic","07000D0020000000D335D33573362036",
120099,3928956,"2026-01-24 06:16:33",1769235393,"spasic","49000101D571EF5FB863746900000000",
120124,3928997,"2026-01-24 06:17:14",1769235434,"spasic","07000D0020000000D335D33573362036",
120152,3929037,"2026-01-24 06:17:54",1769235474,"spasic","490001012572EF5F0864746900000000",
120171,3929068,"2026-01-24 06:18:25",1769235505,"spasic","07000D0020000000D335D33573362036",
120197,3929108,"2026-01-24 06:19:05",1769235545,"spasic","490001017572EF5F5864746900000000",
120224,3929149,"2026-01-24 06:19:46",1769235586,"spasic","07000D0020000000D335D33573362036",
120250,3929189,"2026-01-24 06:20:26",1769235626,"spasic","49000101C572EF5FA964746900000000",
120276,3929230,"2026-01-24 06:21:07",1769235667,"spasic","07000D0020000000D335D33573362036",
120303,3929270,"2026-01-24 06:21:47",1769235707,"spasic","490001011573EF5FF964746900000000",
120329,3929311,"2026-01-24 06:22:28",1769235748,"spasic","07000D0020000000D335D33573362036",
120355,3929352,"2026-01-24 06:23:09",1769235789,"spasic","490001016573EF5F4865746900000000",
120383,3929392,"2026-01-24 06:23:49",1769235829,"spasic","07000D0020000000D335D33573362036",
120409,3929433,"2026-01-24 06:24:30",1769235870,"spasic","49000101B573EF5F9865746900000000",
120434,3929473,"2026-01-24 06:25:10",1769235910,"spasic","07000D0020000000D335D33573362036",
120462,3929514,"2026-01-24 06:25:51",1769235951,"spasic","490001010574EF5FE865746900000000",
120488,3929554,"2026-01-24 06:26:31",1769235991,"spasic","07000D0020000000D335D33573362036",
120513,3929595,"2026-01-24 06:27:12",1769236032,"spasic","490001015574EF5F3966746900000000",
120541,3929635,"2026-01-24 06:27:52",1769236072,"spasic","07000D0020000000D335D33573362036",
120567,3929676,"2026-01-24 06:28:33",1769236113,"spasic","49000101A574EF5F8A66746900000000",
120592,3929716,"2026-01-24 06:29:13",1769236153,"spasic","07000D0020000000D335D33573362036",
120620,3929757,"2026-01-24 06:29:54",1769236194,"spasic","49000101F574EF5FD866746900000000",
120646,3929797,"2026-01-24 06:30:34",1769236234,"spasic","07000D0020000000D335D33573362036",
120665,3929828,"2026-01-24 06:31:05",1769236265,"spasic","490001014575EF5F2967746900000000",
120692,3929868,"2026-01-24 06:31:45",1769236305,"spasic","07000D0020000000D335D33573362036",
120718,3929909,"2026-01-24 06:32:26",1769236346,"spasic","490001019575EF5F7967746900000000",
120744,3929949,"2026-01-24 06:33:06",1769236386,"spasic","07000D0020000000D335D33573362036",
120772,3929990,"2026-01-24 06:33:47",1769236427,"spasic","49000101E575EF5FC867746900000000",
120798,3930030,"2026-01-24 06:34:27",1769236467,"spasic","07000D0020000000D335D33573362036",
120823,3930071,"2026-01-24 06:35:08",1769236508,"spasic","490001013576EF5F1968746900000000",
120851,3930111,"2026-01-24 06:35:48",1769236548,"spasic","07000D0020000000D335D33573362036",
120877,3930152,"2026-01-24 06:36:29",1769236589,"spasic","490001018576EF5F6868746900000000",
120902,3930192,"2026-01-24 06:37:09",1769236629,"spasic","07000D0020000000D335D33573362036",
120930,3930233,"2026-01-24 06:37:50",1769236670,"spasic","49000101D576EF5FB868746900000000",
120956,3930273,"2026-01-24 06:38:30",1769236710,"spasic","07000D0020000000D335D33573362036",
120981,3930314,"2026-01-24 06:39:11",1769236751,"spasic","490001012577EF5F0869746900000000",
121009,3930354,"2026-01-24 06:39:51",1769236791,"spasic","07000D0020000000D335D33573362036",
121035,3930395,"2026-01-24 06:40:32",1769236832,"spasic","490001017577EF5F5869746900000000",
121060,3930435,"2026-01-24 06:41:12",1769236872,"spasic","07000D0020000000D335D33573362036",
121088,3930476,"2026-01-24 06:41:53",1769236913,"spasic","49000101C577EF5FA969746900000000",
121114,3930516,"2026-01-24 06:42:33",1769236953,"spasic","07000D0020000000D335D33573362036",
121139,3930557,"2026-01-24 06:43:14",1769236994,"spasic","490001011578EF5FF969746900000000",
121167,3930597,"2026-01-24 06:43:54",1769237034,"spasic","07000D0020000000D335D33573362036",
121187,3930628,"2026-01-24 06:44:25",1769237065,"spasic","490001016578EF5F486A746900000000",
121212,3930668,"2026-01-24 06:45:05",1769237105,"spasic","07000D0020000000D335D33573362036",
121240,3930709,"2026-01-24 06:45:46",1769237146,"spasic","49000101B578EF5F986A746900000000",
121266,3930749,"2026-01-24 06:46:26",1769237186,"spasic","07000D0020000000D335D33573362036",
121291,3930790,"2026-01-24 06:47:07",1769237227,"spasic","490001010579EF5FE86A746900000000",
121319,3930830,"2026-01-24 06:47:47",1769237267,"spasic","07000D0020000000D335D33573362036",
121345,3930871,"2026-01-24 06:48:28",1769237308,"spasic","490001015579EF5F386B746900000000",
121370,3930912,"2026-01-24 06:49:09",1769237349,"spasic","07000D0020000000D335D33573362036",
121398,3930952,"2026-01-24 06:49:49",1769237389,"spasic","49000101A579EF5F896B746900000000",
121424,3930993,"2026-01-24 06:50:30",1769237430,"spasic","07000D0020000000D335D33573362036",
121449,3931033,"2026-01-24 06:51:10",1769237470,"spasic","49000101F579EF5FD86B746900000000",
121477,3931074,"2026-01-24 06:51:51",1769237511,"spasic","07000D0020000000D335D33573362036",
121503,3931114,"2026-01-24 06:52:31",1769237551,"spasic","49000101457AEF5F286C746900000000",
121528,3931155,"2026-01-24 06:53:12",1769237592,"spasic","07000D0020000000D335D33573362036",
121556,3931195,"2026-01-24 06:53:52",1769237632,"spasic","49000101957AEF5F786C746900000000",
121582,3931236,"2026-01-24 06:54:33",1769237673,"spasic","07000D0020000000D335D33573362036",
121607,3931276,"2026-01-24 06:55:13",1769237713,"spasic","49000101E57AEF5FC86C746900000000",
121635,3931317,"2026-01-24 06:55:54",1769237754,"spasic","07000D0020000000D335D33573362036",
121661,3931357,"2026-01-24 06:56:34",1769237794,"spasic","49000101357BEF5F196D746900000000",
121686,3931398,"2026-01-24 06:57:15",1769237835,"spasic","07000D0020000000D335D33573362036",
121708,3931428,"2026-01-24 06:57:45",1769237865,"spasic","49000101857BEF5F686D746900000000",
121734,3931469,"2026-01-24 06:58:26",1769237906,"spasic","07000D0020000000D335D33573362036",
121759,3931509,"2026-01-24 06:59:06",1769237946,"spasic","49000101D57BEF5FB86D746900000000",
121787,3931550,"2026-01-24 06:59:47",1769237987,"spasic","07000D0020000000D335D33573362036",
121813,3931590,"2026-01-24 07:00:27",1769238027,"spasic","49000101257CEF5F086E746900000000",
121838,3931631,"2026-01-24 07:01:08",1769238068,"spasic","07000D0020000000D335D33573362036",
121866,3931671,"2026-01-24 07:01:48",1769238108,"spasic","49000101757CEF5F586E746900000000",
121892,3931712,"2026-01-24 07:02:29",1769238149,"spasic","07000D0020000000D335D33573362036",
121917,3931752,"2026-01-24 07:03:09",1769238189,"spasic","49000101C57CEF5FA86E746900000000",
121945,3931793,"2026-01-24 07:03:50",1769238230,"spasic","07000D0020000000D335D33573362036",
121971,3931833,"2026-01-24 07:04:30",1769238270,"spasic","49000101157DEF5FF86E746900000000",
121996,3931874,"2026-01-24 07:05:11",1769238311,"spasic","07000D0020000000D335D33573362036",
122024,3931914,"2026-01-24 07:05:51",1769238351,"spasic","49000101657DEF5F486F746900000000",
122050,3931955,"2026-01-24 07:06:32",1769238392,"spasic","07000D0020000000D335D33573362036",
122075,3931995,"2026-01-24 07:07:12",1769238432,"spasic","49000101B57DEF5F986F746900000000",
122103,3932036,"2026-01-24 07:07:53",1769238473,"spasic","07000D0020000000D335D33573362036",
122129,3932076,"2026-01-24 07:08:33",1769238513,"spasic","49000101057EEF5FE86F746900000000",
122160,3942155,"2026-01-24 09:56:31",1769248591,"spasic","4900010165A5EF5F4897746900000000",
122188,3942196,"2026-01-24 09:57:12",1769248632,"spasic","07000D0020000000D335D33573362036",
122214,3942236,"2026-01-24 09:57:52",1769248672,"spasic","49000101B5A5EF5F9897746900000000",
122239,3942277,"2026-01-24 09:58:33",1769248713,"spasic","07000D0020000000D335D33573362036",
122267,3942317,"2026-01-24 09:59:13",1769248753,"spasic","4900010105A6EF5FE897746900000000",
122286,3942348,"2026-01-24 09:59:44",1769248784,"spasic","07000D0020000000D335D33573362036",
122312,3942388,"2026-01-24 10:00:24",1769248824,"spasic","4900010155A6EF5F3898746900000000",
122339,3942429,"2026-01-24 10:01:05",1769248865,"spasic","07000D0020000000D335D33573362036",
122365,3942469,"2026-01-24 10:01:45",1769248905,"spasic","49000101A5A6EF5F8898746900000000",
122391,3942510,"2026-01-24 10:02:26",1769248946,"spasic","07000D0020000000D335D33573362036",
122418,3942550,"2026-01-24 10:03:06",1769248986,"spasic","49000101F5A6EF5FD898746900000000",
122444,3942591,"2026-01-24 10:03:47",1769249027,"spasic","07000D0020000000D335D33573362036",
122470,3942631,"2026-01-24 10:04:27",1769249067,"spasic","4900010145A7EF5F2899746900000000",
122497,3942672,"2026-01-24 10:05:08",1769249108,"spasic","07000D0020000000D335D33573362036",
122524,3942712,"2026-01-24 10:05:48",1769249148,"spasic","4900010195A7EF5F7899746900000000",
122549,3942753,"2026-01-24 10:06:29",1769249189,"spasic","07000D0020000000D335D33573362036",
122577,3942793,"2026-01-24 10:07:09",1769249229,"spasic","49000101E5A7EF5FC899746900000000",
122603,3942834,"2026-01-24 10:07:50",1769249270,"spasic","07000D0020000000D335D33573362036",
122628,3942874,"2026-01-24 10:08:30",1769249310,"spasic","4900010135A8EF5F189A746900000000",
122656,3942915,"2026-01-24 10:09:11",1769249351,"spasic","07000D0020000000D335D33573362036",
122682,3942955,"2026-01-24 10:09:51",1769249391,"spasic","4900010185A8EF5F689A746900000000",
122707,3942996,"2026-01-24 10:10:32",1769249432,"spasic","07000D0020000000D335D33573362036",
122735,3943037,"2026-01-24 10:11:13",1769249473,"spasic","49000101D5A8EF5FB89A746900000000",
122761,3943077,"2026-01-24 10:11:53",1769249513,"spasic","07000D0020000000D335D33573362036",
122780,3943107,"2026-01-24 10:12:23",1769249543,"spasic","4900010125A9EF5F089B746900000000",
122807,3943148,"2026-01-24 10:13:04",1769249584,"spasic","07000D0020000000D335D33573362036",
122833,3943188,"2026-01-24 10:13:44",1769249624,"spasic","4900010175A9EF5F589B746900000000",
122859,3943229,"2026-01-24 10:14:25",1769249665,"spasic","07000D0020000000D335D33573362036",
122886,3943269,"2026-01-24 10:15:05",1769249705,"spasic","49000101C5A9EF5FA89B746900000000",
122912,3943310,"2026-01-24 10:15:46",1769249746,"spasic","07000D0020000000D335D33573362036",
122938,3943351,"2026-01-24 10:16:27",1769249787,"spasic","4900010115AAEF5FF79B746900000000",
122963,3943392,"2026-01-24 10:17:08",1769249828,"spasic","07000D0020000000D335D33573362036",
122991,3943432,"2026-01-24 10:17:48",1769249868,"spasic","4900010165AAEF5F489C746900000000",
123017,3943473,"2026-01-24 10:18:29",1769249909,"spasic","07000D0020000000D335D33573362036",
123042,3943513,"2026-01-24 10:19:09",1769249949,"spasic","49000101B5AAEF5F989C746900000000",
123070,3943554,"2026-01-24 10:19:50",1769249990,"spasic","07000D0020000000D335D33573362036",
123096,3943594,"2026-01-24 10:20:30",1769250030,"spasic","4900010105ABEF5FE89C746900000000",
123121,3943635,"2026-01-24 10:21:11",1769250071,"spasic","07000D0020000000D335D33573362036",
123149,3943675,"2026-01-24 10:21:51",1769250111,"spasic","4900010155ABEF5F389D746900000000",
123175,3943716,"2026-01-24 10:22:32",1769250152,"spasic","07000D0020000000D335D33573362036",
123200,3943756,"2026-01-24 10:23:12",1769250192,"spasic","49000101A5ABEF5F879D746900000000",
123228,3943797,"2026-01-24 10:23:53",1769250233,"spasic","07000D0020000000D335D33573362036",
123254,3943837,"2026-01-24 10:24:33",1769250273,"spasic","49000101F5ABEF5FD89D746900000000",
123273,3943868,"2026-01-24 10:25:04",1769250304,"spasic","07000D0020000000D335D33573362036",
123301,3943908,"2026-01-24 10:25:44",1769250344,"spasic","4900010145ACEF5F289E746900000000",
123327,3943949,"2026-01-24 10:26:25",1769250385,"spasic","07000D0020000000D335D33573362036",
123352,3943989,"2026-01-24 10:27:05",1769250425,"spasic","4900010195ACEF5F789E746900000000",
123380,3944030,"2026-01-24 10:27:46",1769250466,"spasic","07000D0020000000D335D33573362036",
123406,3944070,"2026-01-24 10:28:26",1769250506,"spasic","49000101E5ACEF5FC89E746900000000",
123431,3944111,"2026-01-24 10:29:07",1769250547,"spasic","07000D0020000000D335D33573362036",
123459,3944151,"2026-01-24 10:29:47",1769250587,"spasic","4900010135ADEF5F189F746900000000",
123485,3944192,"2026-01-24 10:30:28",1769250628,"spasic","07000D0020000000D335D33573362036",
123510,3944232,"2026-01-24 10:31:08",1769250668,"spasic","4900010185ADEF5F689F746900000000",
123538,3944273,"2026-01-24 10:31:49",1769250709,"spasic","07000D0020000000D335D33573362036",
123564,3944313,"2026-01-24 10:32:29",1769250749,"spasic","49000101D5ADEF5FB89F746900000000",
123589,3944354,"2026-01-24 10:33:10",1769250790,"spasic","07000D0020000000D335D33573362036",
123617,3944394,"2026-01-24 10:33:50",1769250830,"spasic","4900010125AEEF5F08A0746900000000",
123643,3944435,"2026-01-24 10:34:31",1769250871,"spasic","07000D0020000000D335D33573362036",
123668,3944475,"2026-01-24 10:35:11",1769250911,"spasic","4900010175AEEF5F58A0746900000000",
123696,3944516,"2026-01-24 10:35:52",1769250952,"spasic","07000D0020000000D335D33573362036",
123722,3944556,"2026-01-24 10:36:32",1769250992,"spasic","49000101C5AEEF5FA8A0746900000000",
123747,3944597,"2026-01-24 10:37:13",1769251033,"spasic","07000D0020000000D335D33573362036",
123775,3944637,"2026-01-24 10:37:53",1769251073,"spasic","4900010115AFEF5FF8A0746900000000",
123795,3944668,"2026-01-24 10:38:24",1769251104,"spasic","07000D0020000000D335D33573362036",
123820,3944708,"2026-01-24 10:39:04",1769251144,"spasic","4900010165AFEF5F48A1746900000000",
123848,3944749,"2026-01-24 10:39:45",1769251185,"spasic","07000D0020000000D335D33573362036",
123874,3944789,"2026-01-24 10:40:25",1769251225,"spasic","49000101B5AFEF5F98A1746900000000",
123899,3944830,"2026-01-24 10:41:06",1769251266,"spasic","07000D0020000000D335D33573362036",
123927,3944870,"2026-01-24 10:41:46",1769251306,"spasic","4900010105B0EF5FE8A1746900000000",
123953,3944911,"2026-01-24 10:42:27",1769251347,"spasic","07000D0020000000D335D33573362036",
123978,3944951,"2026-01-24 10:43:07",1769251387,"spasic","4900010155B0EF5F38A2746900000000",
124006,3944992,"2026-01-24 10:43:48",1769251428,"spasic","07000D0020000000D335D33573362036",
124032,3945032,"2026-01-24 10:44:28",1769251468,"spasic","49000101A5B0EF5F87A2746900000000",
124057,3945073,"2026-01-24 10:45:09",1769251509,"spasic","07000D0020000000D335D33573362036",
124085,3945114,"2026-01-24 10:45:50",1769251550,"spasic","49000101F5B0EF5FD6A2746900000000",
124111,3945154,"2026-01-24 10:46:30",1769251590,"spasic","07000D0020000000D335D33573362036",
124136,3945195,"2026-01-24 10:47:11",1769251631,"spasic","4900010145B1EF5F27A3746900000000",
124164,3945235,"2026-01-24 10:47:51",1769251671,"spasic","07000D0020000000D335D33573362036",
124190,3945276,"2026-01-24 10:48:32",1769251712,"spasic","4900010195B1EF5F78A3746900000000",
124215,3945316,"2026-01-24 10:49:12",1769251752,"spasic","07000D0020000000D335D33573362036",
124243,3945357,"2026-01-24 10:49:53",1769251793,"spasic","49000101E5B1EF5FC7A3746900000000",
124269,3945397,"2026-01-24 10:50:33",1769251833,"spasic","07000D0020000000D335D33573362036",
124288,3945428,"2026-01-24 10:51:04",1769251864,"spasic","4900010135B2EF5F17A4746900000000",
124316,3945468,"2026-01-24 10:51:44",1769251904,"spasic","07000D0020000000D335D33573362036",
124342,3945509,"2026-01-24 10:52:25",1769251945,"spasic","4900010185B2EF5F66A4746900000000",
124367,3945549,"2026-01-24 10:53:05",1769251985,"spasic","07000D0020000000D335D33573362036",
124395,3945590,"2026-01-24 10:53:46",1769252026,"spasic","49000101D5B2EF5FB7A4746900000000",
124421,3945630,"2026-01-24 10:54:26",1769252066,"spasic","07000D0020000000D335D33573362036",
124446,3945671,"2026-01-24 10:55:07",1769252107,"spasic","4900010125B3EF5F08A5746900000000",
124474,3945711,"2026-01-24 10:55:47",1769252147,"spasic","07000D0020000000D335D33573362036",
124500,3945752,"2026-01-24 10:56:28",1769252188,"spasic","4900010175B3EF5F58A5746900000000",
124525,3945792,"2026-01-24 10:57:08",1769252228,"spasic","07000D0020000000D335D33573362036",
124553,3945833,"2026-01-24 10:57:49",1769252269,"spasic","49000101C5B3EF5FA8A5746900000000",
124579,3945873,"2026-01-24 10:58:29",1769252309,"spasic","07000D0020000000D335D33573362036",
124604,3945914,"2026-01-24 10:59:10",1769252350,"spasic","4900010115B4EF5FF7A5746900000000",
124632,3945954,"2026-01-24 10:59:50",1769252390,"spasic","07000D0020000000D335D33573362036",
124658,3945995,"2026-01-24 11:00:31",1769252431,"spasic","4900010165B4EF5F48A6746900000000",
124684,3946035,"2026-01-24 11:01:11",1769252471,"spasic","07000D0020000000D335D33573362036",
124711,3946076,"2026-01-24 11:01:52",1769252512,"spasic","49000101B5B4EF5F98A6746900000000",
124737,3946116,"2026-01-24 11:02:32",1769252552,"spasic","07000D0020000000D335D33573362036",
124763,3946157,"2026-01-24 11:03:13",1769252593,"spasic","4900010105B5EF5FE8A6746900000000",
124790,3946197,"2026-01-24 11:03:53",1769252633,"spasic","07000D0020000000D335D33573362036",
124810,3946228,"2026-01-24 11:04:24",1769252664,"spasic","4900010155B5EF5F38A7746900000000",
124835,3946268,"2026-01-24 11:05:04",1769252704,"spasic","07000D0020000000D335D33573362036",
124863,3946309,"2026-01-24 11:05:45",1769252745,"spasic","49000101A5B5EF5F88A7746900000000",
124889,3946349,"2026-01-24 11:06:25",1769252785,"spasic","07000D0020000000D335D33573362036",
124914,3946390,"2026-01-24 11:07:06",1769252826,"spasic","49000101F5B5EF5FD8A7746900000000",
124942,3946430,"2026-01-24 11:07:46",1769252866,"spasic","07000D0020000000D335D33573362036",
124968,3946471,"2026-01-24 11:08:27",1769252907,"spasic","4900010145B6EF5F28A8746900000000",
124993,3946511,"2026-01-24 11:09:07",1769252947,"spasic","07000D0020000000D335D33573362036",
125021,3946552,"2026-01-24 11:09:48",1769252988,"spasic","4900010195B6EF5F78A8746900000000",
125047,3946592,"2026-01-24 11:10:28",1769253028,"spasic","07000D0020000000D335D33573362036",
125073,3946633,"2026-01-24 11:11:09",1769253069,"spasic","49000101E5B6EF5FC8A8746900000000",
125100,3946673,"2026-01-24 11:11:49",1769253109,"spasic","07000D0020000000D335D33573362036",
125126,3946714,"2026-01-24 11:12:30",1769253150,"spasic","4900010135B7EF5F18A9746900000000",
125152,3946754,"2026-01-24 11:13:10",1769253190,"spasic","07000D0020000000D335D33573362036",
125179,3946795,"2026-01-24 11:13:51",1769253231,"spasic","4900010185B7EF5F67A9746900000000",
125205,3946835,"2026-01-24 11:14:31",1769253271,"spasic","07000D0020000000D335D33573362036",
125231,3946876,"2026-01-24 11:15:12",1769253312,"spasic","49000101D5B7EF5FB8A9746900000000",
125258,3946917,"2026-01-24 11:15:53",1769253353,"spasic","07000D0020000000D335D33573362036",
125284,3946957,"2026-01-24 11:16:33",1769253393,"spasic","4900010125B8EF5F08AA746900000000",
125303,3946987,"2026-01-24 11:17:03",1769253423,"spasic","07000D0020000000D335D33573362036",
125331,3947028,"2026-01-24 11:17:44",1769253464,"spasic","4900010175B8EF5F58AA746900000000",
125357,3947068,"2026-01-24 11:18:24",1769253504,"spasic","07000D0020000000D335D33573362036",
125382,3947109,"2026-01-24 11:19:05",1769253545,"spasic","49000101C5B8EF5FA8AA746900000000",
125409,3947149,"2026-01-24 11:19:45",1769253585,"spasic","07000D0020000000D335D33573362036",
125435,3947190,"2026-01-24 11:20:26",1769253626,"spasic","4900010115B9EF5FF7AA746900000000",
125460,3947231,"2026-01-24 11:21:07",1769253667,"spasic","07000D0020000000D335D33573362036",
125488,3947271,"2026-01-24 11:21:47",1769253707,"spasic","4900010165B9EF5F48AB746900000000",
125514,3947312,"2026-01-24 11:22:28",1769253748,"spasic","07000D0020000000D335D33573362036",
125540,3947352,"2026-01-24 11:23:08",1769253788,"spasic","49000101B5B9EF5F98AB746900000000",
125567,3947393,"2026-01-24 11:23:49",1769253829,"spasic","07000D0020000000D335D33573362036",
125593,3947433,"2026-01-24 11:24:29",1769253869,"spasic","4900010105BAEF5FE8AB746900000000",
125619,3947474,"2026-01-24 11:25:10",1769253910,"spasic","07000D0020000000D335D33573362036",
125646,3947514,"2026-01-24 11:25:50",1769253950,"spasic","4900010155BAEF5F38AC746900000000",
125672,3947555,"2026-01-24 11:26:31",1769253991,"spasic","07000D0020000000D335D33573362036",
125698,3947595,"2026-01-24 11:27:11",1769254031,"spasic","49000101A5BAEF5F87AC746900000000",
125725,3947636,"2026-01-24 11:27:52",1769254072,"spasic","07000D0020000000D335D33573362036",
125751,3947676,"2026-01-24 11:28:32",1769254112,"spasic","49000101F5BAEF5FD8AC746900000000",
125777,3947717,"2026-01-24 11:29:13",1769254153,"spasic","07000D0020000000D335D33573362036",
125804,3947757,"2026-01-24 11:29:53",1769254193,"spasic","4900010145BBEF5F28AD746900000000",
125824,3947788,"2026-01-24 11:30:24",1769254224,"spasic","07000D0020000000D335D33573362036",
125849,3947828,"2026-01-24 11:31:04",1769254264,"spasic","4900010195BBEF5F78AD746900000000",
125877,3947869,"2026-01-24 11:31:45",1769254305,"spasic","07000D0020000000D335D33573362036",
125903,3947909,"2026-01-24 11:32:25",1769254345,"spasic","49000101E5BBEF5FC8AD746900000000",
125928,3947950,"2026-01-24 11:33:06",1769254386,"spasic","07000D0020000000D335D33573362036",
125956,3947990,"2026-01-24 11:33:46",1769254426,"spasic","4900010135BCEF5F18AE746900000000",
125982,3948031,"2026-01-24 11:34:27",1769254467,"spasic","07000D0020000000D335D33573362036",
126008,3948071,"2026-01-24 11:35:07",1769254507,"spasic","4900010185BCEF5F67AE746900000000",
126035,3948112,"2026-01-24 11:35:48",1769254548,"spasic","07000D0020000000D335D33573362036",
126061,3948152,"2026-01-24 11:36:28",1769254588,"spasic","49000101D5BCEF5FB8AE746900000000",
126087,3948193,"2026-01-24 11:37:09",1769254629,"spasic","07000D0020000000D335D33573362036",
126114,3948233,"2026-01-24 11:37:49",1769254669,"spasic","4900010125BDEF5F08AF746900000000",
126140,3948274,"2026-01-24 11:38:30",1769254710,"spasic","07000D0020000000D335D33573362036",
126166,3948314,"2026-01-24 11:39:10",1769254750,"spasic","4900010175BDEF5F58AF746900000000",
126193,3948355,"2026-01-24 11:39:51",1769254791,"spasic","07000D0020000000D335D33573362036",
126219,3948395,"2026-01-24 11:40:31",1769254831,"spasic","49000101C5BDEF5FA8AF746900000000",
126245,3948436,"2026-01-24 11:41:12",1769254872,"spasic","07000D0020000000D335D33573362036",
126272,3948476,"2026-01-24 11:41:52",1769254912,"spasic","4900010115BEEF5FF7AF746900000000",
126298,3948517,"2026-01-24 11:42:33",1769254953,"spasic","07000D0020000000D335D33573362036",
126317,3948547,"2026-01-24 11:43:03",1769254983,"spasic","4900010165BEEF5F48B0746900000000",
126345,3948588,"2026-01-24 11:43:44",1769255024,"spasic","07000D0020000000D335D33573362036",
126371,3948628,"2026-01-24 11:44:24",1769255064,"spasic","49000101B5BEEF5F98B0746900000000",
126397,3948669,"2026-01-24 11:45:05",1769255105,"spasic","07000D0020000000D335D33573362036",
126424,3948709,"2026-01-24 11:45:45",1769255145,"spasic","4900010105BFEF5FE7B0746900000000",
126450,3948750,"2026-01-24 11:46:26",1769255186,"spasic","07000D0020000000D335D33573362036",
126476,3948790,"2026-01-24 11:47:06",1769255226,"spasic","4900010155BFEF5F37B1746900000000",
126503,3948831,"2026-01-24 11:47:47",1769255267,"spasic","07000D0020000000D335D33573362036",
126529,3948871,"2026-01-24 11:48:27",1769255307,"spasic","49000101A5BFEF5F86B1746900000000",
126555,3948912,"2026-01-24 11:49:08",1769255348,"spasic","07000D0020000000D335D33573362036",
126582,3948953,"2026-01-24 11:49:49",1769255389,"spasic","49000101F5BFEF5FD6B1746900000000",
126608,3948993,"2026-01-24 11:50:29",1769255429,"spasic","07000D0020000000D335D33573362036",
126634,3949034,"2026-01-24 11:51:10",1769255470,"spasic","4900010145C0EF5F27B2746900000000",
126661,3949074,"2026-01-24 11:51:50",1769255510,"spasic","07000D0020000000D335D33573362036",
126687,3949115,"2026-01-24 11:52:31",1769255551,"spasic","4900010195C0EF5F77B2746900000000",
126713,3949155,"2026-01-24 11:53:11",1769255591,"spasic","07000D0020000000D335D33573362036",
126740,3949196,"2026-01-24 11:53:52",1769255632,"spasic","49000101E5C0EF5FC7B2746900000000",
126766,3949236,"2026-01-24 11:54:32",1769255672,"spasic","07000D0020000000D335D33573362036",
126793,3949277,"2026-01-24 11:55:13",1769255713,"spasic","4900010135C1EF5F16B3746900000000",
126819,3949317,"2026-01-24 11:55:53",1769255753,"spasic","07000D0020000000D335D33573362036",
126839,3949348,"2026-01-24 11:56:24",1769255784,"spasic","4900010185C1EF5F66B3746900000000",
126865,3949388,"2026-01-24 11:57:04",1769255824,"spasic","07000D0020000000D335D33573362036",
126892,3949429,"2026-01-24 11:57:45",1769255865,"spasic","49000101D5C1EF5FB7B3746900000000",
126918,3949469,"2026-01-24 11:58:25",1769255905,"spasic","07000D0020000000D335D33573362036",
126944,3949510,"2026-01-24 11:59:06",1769255946,"spasic","4900010125C2EF5F08B4746900000000",
126971,3949550,"2026-01-24 11:59:46",1769255986,"spasic","07000D0020000000D335D33573362036",
126997,3949591,"2026-01-24 12:00:27",1769256027,"spasic","4900010175C2EF5F58B4746900000000",
127023,3949631,"2026-01-24 12:01:07",1769256067,"spasic","07000D0020000000D335D33573362036",
127050,3949672,"2026-01-24 12:01:48",1769256108,"spasic","49000101C5C2EF5FA8B4746900000000",
127076,3949712,"2026-01-24 12:02:28",1769256148,"spasic","07000D0020000000D335D33573362036",
127102,3949753,"2026-01-24 12:03:09",1769256189,"spasic","4900010115C3EF5FF7B4746900000000",
127129,3949793,"2026-01-24 12:03:49",1769256229,"spasic","07000D0020000000D335D33573362036",
127155,3949834,"2026-01-24 12:04:30",1769256270,"spasic","4900010165C3EF5F48B5746900000000",
127182,3949874,"2026-01-24 12:05:10",1769256310,"spasic","07000D0020000000D335D33573362036",
127208,3949915,"2026-01-24 12:05:51",1769256351,"spasic","49000101B5C3EF5F98B5746900000000",
127234,3949955,"2026-01-24 12:06:31",1769256391,"spasic","07000D0020000000D335D33573362036",
127261,3949996,"2026-01-24 12:07:12",1769256432,"spasic","4900010105C4EF5FE8B5746900000000",
127287,3950036,"2026-01-24 12:07:52",1769256472,"spasic","07000D0020000000D335D33573362036",
127313,3950077,"2026-01-24 12:08:33",1769256513,"spasic","4900010155C4EF5F38B6746900000000",
127340,3950117,"2026-01-24 12:09:13",1769256553,"spasic","07000D0020000000D335D33573362036",
127360,3950148,"2026-01-24 12:09:44",1769256584,"spasic","49000101A5C4EF5F87B6746900000000",
127386,3950188,"2026-01-24 12:10:24",1769256624,"spasic","07000D0020000000D335D33573362036",
127412,3950229,"2026-01-24 12:11:05",1769256665,"spasic","49000101F5C4EF5FD8B6746900000000",
127439,3950269,"2026-01-24 12:11:45",1769256705,"spasic","07000D0020000000D335D33573362036",
127465,3950310,"2026-01-24 12:12:26",1769256746,"spasic","4900010145C5EF5F28B7746900000000",
127491,3950350,"2026-01-24 12:13:06",1769256786,"spasic","07000D0020000000D335D33573362036",
127518,3950391,"2026-01-24 12:13:47",1769256827,"spasic","4900010195C5EF5F78B7746900000000",
127544,3950431,"2026-01-24 12:14:27",1769256867,"spasic","07000D0020000000D335D33573362036",
127570,3950472,"2026-01-24 12:15:08",1769256908,"spasic","49000101E5C5EF5FC8B7746900000000",
127597,3950512,"2026-01-24 12:15:48",1769256948,"spasic","07000D0020000000D335D33573362036",
127623,3950553,"2026-01-24 12:16:29",1769256989,"spasic","4900010135C6EF5F18B8746900000000",
127650,3950594,"2026-01-24 12:17:10",1769257030,"spasic","07000D0020000000D335D33573362036",
127676,3950634,"2026-01-24 12:17:50",1769257070,"spasic","4900010185C6EF5F67B8746900000000",
127702,3950675,"2026-01-24 12:18:31",1769257111,"spasic","07000D0020000000D335D33573362036",
127729,3950715,"2026-01-24 12:19:11",1769257151,"spasic","49000101D5C6EF5FB8B8746900000000",
127755,3950756,"2026-01-24 12:19:52",1769257192,"spasic","07000D0020000000D335D33573362036",
127781,3950796,"2026-01-24 12:20:32",1769257232,"spasic","4900010125C7EF5F08B9746900000000",
127808,3950837,"2026-01-24 12:21:13",1769257273,"spasic","07000D0020000000D335D33573362036",
127834,3950877,"2026-01-24 12:21:53",1769257313,"spasic","4900010175C7EF5F58B9746900000000",
127854,3950908,"2026-01-24 12:22:24",1769257344,"spasic","07000D0020000000D335D33573362036",
127880,3950948,"2026-01-24 12:23:04",1769257384,"spasic","49000101C5C7EF5FA8B9746900000000",
127907,3950989,"2026-01-24 12:23:45",1769257425,"spasic","07000D0020000000D335D33573362036",
127933,3951029,"2026-01-24 12:24:25",1769257465,"spasic","4900010115C8EF5FF7B9746900000000",
127959,3951070,"2026-01-24 12:25:06",1769257506,"spasic","07000D0020000000D335D33573362036",
127986,3951110,"2026-01-24 12:25:46",1769257546,"spasic","4900010165C8EF5F47BA746900000000",
128012,3951151,"2026-01-24 12:26:27",1769257587,"spasic","07000D0020000000D335D33573362036",
128039,3951191,"2026-01-24 12:27:07",1769257627,"spasic","49000101B5C8EF5F98BA746900000000",
128065,3951232,"2026-01-24 12:27:48",1769257668,"spasic","07000D0020000000D335D33573362036",
128091,3951272,"2026-01-24 12:28:28",1769257708,"spasic","4900010105C9EF5FE8BA746900000000",
128118,3951313,"2026-01-24 12:29:09",1769257749,"spasic","07000D0020000000D335D33573362036",
128144,3951353,"2026-01-24 12:29:49",1769257789,"spasic","4900010155C9EF5F38BB746900000000",
128170,3951394,"2026-01-24 12:30:30",1769257830,"spasic","07000D0020000000D335D33573362036",
128197,3951434,"2026-01-24 12:31:10",1769257870,"spasic","49000101A5C9EF5F87BB746900000000",
128223,3951475,"2026-01-24 12:31:51",1769257911,"spasic","07000D0020000000D335D33573362036",
128249,3951515,"2026-01-24 12:32:31",1769257951,"spasic","49000101F5C9EF5FD7BB746900000000",
128276,3951556,"2026-01-24 12:33:12",1769257992,"spasic","07000D0020000000D335D33573362036",
128302,3951596,"2026-01-24 12:33:52",1769258032,"spasic","4900010145CAEF5F28BC746900000000",
128328,3951637,"2026-01-24 12:34:33",1769258073,"spasic","07000D0020000000D335D33573362036",
128355,3951677,"2026-01-24 12:35:13",1769258113,"spasic","4900010195CAEF5F78BC746900000000",
128375,3951708,"2026-01-24 12:35:44",1769258144,"spasic","07000D0020000000D335D33573362036",
128401,3951748,"2026-01-24 12:36:24",1769258184,"spasic","49000101E5CAEF5FC8BC746900000000",
128428,3951789,"2026-01-24 12:37:05",1769258225,"spasic","07000D0020000000D335D33573362036",
128454,3951829,"2026-01-24 12:37:45",1769258265,"spasic","4900010135CBEF5F18BD746900000000",
128480,3951870,"2026-01-24 12:38:26",1769258306,"spasic","07000D0020000000D335D33573362036",
128507,3951910,"2026-01-24 12:39:06",1769258346,"spasic","4900010185CBEF5F67BD746900000000",
128533,3951951,"2026-01-24 12:39:47",1769258387,"spasic","07000D0020000000D335D33573362036",
128559,3951991,"2026-01-24 12:40:27",1769258427,"spasic","49000101D5CBEF5FB7BD746900000000",
128586,3952032,"2026-01-24 12:41:08",1769258468,"spasic","07000D0020000000D335D33573362036",
128612,3952072,"2026-01-24 12:41:48",1769258508,"spasic","4900010125CCEF5F07BE746900000000",
128638,3952113,"2026-01-24 12:42:29",1769258549,"spasic","07000D0020000000D335D33573362036",
128664,3952153,"2026-01-24 12:43:09",1769258589,"spasic","4900010175CCEF5F57BE746900000000",
128690,3952194,"2026-01-24 12:43:50",1769258630,"spasic","07000D0020000000D335D33573362036",
128716,3952234,"2026-01-24 12:44:30",1769258670,"spasic","49000101C5CCEF5FA7BE746900000000",
128743,3952275,"2026-01-24 12:45:11",1769258711,"spasic","07000D0020000000D335D33573362036",
128769,3952315,"2026-01-24 12:45:51",1769258751,"spasic","4900010115CDEF5FF6BE746900000000",
128795,3952356,"2026-01-24 12:46:32",1769258792,"spasic","07000D0020000000D335D33573362036",
128823,3952397,"2026-01-24 12:47:13",1769258833,"spasic","4900010165CDEF5F46BF746900000000",
128849,3952437,"2026-01-24 12:47:53",1769258873,"spasic","07000D0020000000D335D33573362036",
128868,3952467,"2026-01-24 12:48:23",1769258903,"spasic","49000101B5CDEF5F97BF746900000000",
128895,3952508,"2026-01-24 12:49:04",1769258944,"spasic","07000D0020000000D335D33573362036",
128921,3952548,"2026-01-24 12:49:44",1769258984,"spasic","4900010105CEEF5FE7BF746900000000",
128947,3952589,"2026-01-24 12:50:25",1769259025,"spasic","07000D0020000000D335D33573362036",
128974,3952630,"2026-01-24 12:51:06",1769259066,"spasic","4900010155CEEF5F37C0746900000000",
129000,3952670,"2026-01-24 12:51:46",1769259106,"spasic","07000D0020000000D335D33573362036",
129026,3952711,"2026-01-24 12:52:27",1769259147,"spasic","49000101A5CEEF5F86C0746900000000",
129053,3952751,"2026-01-24 12:53:07",1769259187,"spasic","07000D0020000000D335D33573362036",
129079,3952792,"2026-01-24 12:53:48",1769259228,"spasic","49000101F5CEEF5FD6C0746900000000",
129105,3952832,"2026-01-24 12:54:28",1769259268,"spasic","07000D0020000000D335D33573362036",
129132,3952873,"2026-01-24 12:55:09",1769259309,"spasic","4900010145CFEF5F28C1746900000000",
129158,3952913,"2026-01-24 12:55:49",1769259349,"spasic","07000D0020000000D335D33573362036",
129184,3952954,"2026-01-24 12:56:30",1769259390,"spasic","4900010195CFEF5F78C1746900000000",
129211,3952994,"2026-01-24 12:57:10",1769259430,"spasic","07000D0020000000D335D33573362036",
129238,3953035,"2026-01-24 12:57:51",1769259471,"spasic","49000101E5CFEF5FC8C1746900000000",
129263,3953075,"2026-01-24 12:58:31",1769259511,"spasic","07000D0020000000D335D33573362036",
129291,3953116,"2026-01-24 12:59:12",1769259552,"spasic","4900010135D0EF5F17C2746900000000",
129317,3953156,"2026-01-24 12:59:52",1769259592,"spasic","07000D0020000000D335D33573362036",
129342,3953197,"2026-01-24 13:00:33",1769259633,"spasic","4900010185D0EF5F67C2746900000000",
129370,3953237,"2026-01-24 13:01:13",1769259673,"spasic","07000D0020000000D335D33573362036",
129389,3953268,"2026-01-24 13:01:44",1769259704,"spasic","49000101D5D0EF5FB8C2746900000000",
129415,3953308,"2026-01-24 13:02:24",1769259744,"spasic","07000D0020000000D335D33573362036",
129442,3953349,"2026-01-24 13:03:05",1769259785,"spasic","4900010125D1EF5F08C3746900000000",
129468,3953389,"2026-01-24 13:03:45",1769259825,"spasic","07000D0020000000D335D33573362036",
129494,3953430,"2026-01-24 13:04:26",1769259866,"spasic","4900010175D1EF5F58C3746900000000",
129521,3953470,"2026-01-24 13:05:06",1769259906,"spasic","07000D0020000000D335D33573362036",
129547,3953511,"2026-01-24 13:05:47",1769259947,"spasic","49000101C5D1EF5FA8C3746900000000",
129573,3953551,"2026-01-24 13:06:27",1769259987,"spasic","07000D0020000000D335D33573362036",
129600,3953592,"2026-01-24 13:07:08",1769260028,"spasic","4900010115D2EF5FF7C3746900000000",
129626,3953632,"2026-01-24 13:07:48",1769260068,"spasic","07000D0020000000D335D33573362036",
129652,3953673,"2026-01-24 13:08:29",1769260109,"spasic","4900010165D2EF5F48C4746900000000",
129680,3953713,"2026-01-24 13:09:09",1769260149,"spasic","07000D0020000000D335D33573362036",
129706,3953754,"2026-01-24 13:09:50",1769260190,"spasic","49000101B5D2EF5F98C4746900000000",
129731,3953794,"2026-01-24 13:10:30",1769260230,"spasic","07000D0020000000D335D33573362036",
129759,3953835,"2026-01-24 13:11:11",1769260271,"spasic","4900010105D3EF5FE8C4746900000000",
129785,3953875,"2026-01-24 13:11:51",1769260311,"spasic","07000D0020000000D335D33573362036",
129810,3953916,"2026-01-24 13:12:32",1769260352,"spasic","4900010155D3EF5F38C5746900000000",
129838,3953956,"2026-01-24 13:13:12",1769260392,"spasic","07000D0020000000D335D33573362036",
129864,3953997,"2026-01-24 13:13:53",1769260433,"spasic","49000101A5D3EF5F87C5746900000000",
129883,3954027,"2026-01-24 13:14:23",1769260463,"spasic","07000D0020000000D335D33573362036",
129910,3954068,"2026-01-24 13:15:04",1769260504,"spasic","49000101F5D3EF5FD7C5746900000000",
129936,3954108,"2026-01-24 13:15:44",1769260544,"spasic","07000D0020000000D335D33573362036",
129962,3954149,"2026-01-24 13:16:25",1769260585,"spasic","4900010145D4EF5F28C6746900000000",
129989,3954189,"2026-01-24 13:17:05",1769260625,"spasic","07000D0020000000D335D33573362036",
130015,3954230,"2026-01-24 13:17:46",1769260666,"spasic","4900010195D4EF5F78C6746900000000",
130041,3954270,"2026-01-24 13:18:26",1769260706,"spasic","07000D0020000000D335D33573362036",
130069,3954311,"2026-01-24 13:19:07",1769260747,"spasic","49000101E5D4EF5FC8C6746900000000",
130095,3954352,"2026-01-24 13:19:48",1769260788,"spasic","07000D0020000000D335D33573362036",
130120,3954392,"2026-01-24 13:20:28",1769260828,"spasic","4900010135D5EF5F17C7746900000000",
130148,3954433,"2026-01-24 13:21:09",1769260869,"spasic","07000D0020000000D335D33573362036",
130174,3954473,"2026-01-24 13:21:49",1769260909,"spasic","4900010185D5EF5F67C7746900000000",
130199,3954514,"2026-01-24 13:22:30",1769260950,"spasic","07000D0020000000D335D33573362036",
130227,3954554,"2026-01-24 13:23:10",1769260990,"spasic","49000101D5D5EF5FB7C7746900000000",
130253,3954595,"2026-01-24 13:23:51",1769261031,"spasic","07000D0020000000D335D33573362036",
130278,3954635,"2026-01-24 13:24:31",1769261071,"spasic","4900010125D6EF5F08C8746900000000",
130306,3954676,"2026-01-24 13:25:12",1769261112,"spasic","07000D0020000000D335D33573362036",
130332,3954716,"2026-01-24 13:25:52",1769261152,"spasic","4900010175D6EF5F58C8746900000000",
130357,3954757,"2026-01-24 13:26:33",1769261193,"spasic","07000D0020000000D335D33573362036",
130385,3954797,"2026-01-24 13:27:13",1769261233,"spasic","49000101C5D6EF5FA8C8746900000000",
130404,3954828,"2026-01-24 13:27:44",1769261264,"spasic","07000D0020000000D335D33573362036",
130430,3954868,"2026-01-24 13:28:24",1769261304,"spasic","4900010115D7EF5FF7C8746900000000",
130457,3954909,"2026-01-24 13:29:05",1769261345,"spasic","07000D0020000000D335D33573362036",
130484,3954949,"2026-01-24 13:29:45",1769261385,"spasic","4900010165D7EF5F47C9746900000000",
130509,3954990,"2026-01-24 13:30:26",1769261426,"spasic","07000D0020000000D335D33573362036",
130537,3955030,"2026-01-24 13:31:06",1769261466,"spasic","49000101B5D7EF5F98C9746900000000",
130563,3955071,"2026-01-24 13:31:47",1769261507,"spasic","07000D0020000000D335D33573362036",
130588,3955111,"2026-01-24 13:32:27",1769261547,"spasic","4900010105D8EF5FE8C9746900000000",
130616,3955152,"2026-01-24 13:33:08",1769261588,"spasic","07000D0020000000D335D33573362036",
130642,3955192,"2026-01-24 13:33:48",1769261628,"spasic","4900010155D8EF5F38CA746900000000",
130667,3955233,"2026-01-24 13:34:29",1769261669,"spasic","07000D0020000000D335D33573362036",
130690,3881834,"2026-01-23 17:11:11",1769188271,"spasic","49000101C5B9EE5FAAAB736900000000",
130715,3881875,"2026-01-23 17:11:52",1769188312,"spasic","07000D0020000000D335D33573362036",
130743,3881915,"2026-01-23 17:12:32",1769188352,"spasic","4900010115BAEE5FFBAB736900000000",
130769,3881956,"2026-01-23 17:13:13",1769188393,"spasic","07000D0020000000D335D33573362036",
130794,3881996,"2026-01-23 17:13:53",1769188433,"spasic","4900010165BAEE5F4BAC736900000000",
130822,3882037,"2026-01-23 17:14:34",1769188474,"spasic","07000D0020000000D335D33573362036",
130848,3882077,"2026-01-23 17:15:14",1769188514,"spasic","49000101B5BAEE5F9AAC736900000000",
130874,3882118,"2026-01-23 17:15:55",1769188555,"spasic","07000D0020000000D335D33573362036",
130901,3882158,"2026-01-23 17:16:35",1769188595,"spasic","4900010105BBEE5FEAAC736900000000",
130921,3882189,"2026-01-23 17:17:06",1769188626,"spasic","07000D0020000000D335D33573362036",
130946,3882229,"2026-01-23 17:17:46",1769188666,"spasic","4900010155BBEE5F3AAD736900000000",
130974,3882270,"2026-01-23 17:18:27",1769188707,"spasic","07000D0020000000D335D33573362036",
131000,3882310,"2026-01-23 17:19:07",1769188747,"spasic","49000101A5BBEE5F8BAD736900000000",
131025,3882351,"2026-01-23 17:19:48",1769188788,"spasic","07000D0020000000D335D33573362036",
131053,3882391,"2026-01-23 17:20:28",1769188828,"spasic","49000101F5BBEE5FDBAD736900000000",
131079,3882432,"2026-01-23 17:21:09",1769188869,"spasic","07000D0020000000D335D33573362036",
131104,3882472,"2026-01-23 17:21:49",1769188909,"spasic","4900010145BCEE5F2AAE736900000000",
131130,3882513,"2026-01-23 17:22:30",1769188950,"spasic","07000D0020000000D335D33573362036",
131156,3882553,"2026-01-23 17:23:10",1769188990,"spasic","4900010195BCEE5F79AE736900000000",
131181,3882594,"2026-01-23 17:23:51",1769189031,"spasic","07000D0020000000D335D33573362036",
131209,3882634,"2026-01-23 17:24:31",1769189071,"spasic","49000101E5BCEE5FC9AE736900000000",
131235,3882675,"2026-01-23 17:25:12",1769189112,"spasic","07000D0020000000D335D33573362036",
131260,3882716,"2026-01-23 17:25:53",1769189153,"spasic","4900010135BDEE5F1AAF736900000000",
131288,3882756,"2026-01-23 17:26:33",1769189193,"spasic","07000D0020000000D335D33573362036",
131314,3882797,"2026-01-23 17:27:14",1769189234,"spasic","4900010185BDEE5F6AAF736900000000",
131340,3882837,"2026-01-23 17:27:54",1769189274,"spasic","07000D0020000000D335D33573362036",
131367,3882878,"2026-01-23 17:28:35",1769189315,"spasic","49000101D5BDEE5FBAAF736900000000",
131393,3882918,"2026-01-23 17:29:15",1769189355,"spasic","07000D0020000000D335D33573362036",
131412,3882949,"2026-01-23 17:29:46",1769189386,"spasic","4900010125BEEE5F09B0736900000000",
131440,3882989,"2026-01-23 17:30:26",1769189426,"spasic","07000D0020000000D335D33573362036",
131466,3883030,"2026-01-23 17:31:07",1769189467,"spasic","4900010175BEEE5F59B0736900000000",
131491,3883070,"2026-01-23 17:31:47",1769189507,"spasic","07000D0020000000D335D33573362036",
131519,3883111,"2026-01-23 17:32:28",1769189548,"spasic","49000101C5BEEE5FAAB0736900000000",
131545,3883151,"2026-01-23 17:33:08",1769189588,"spasic","07000D0020000000D335D33573362036",
131570,3883192,"2026-01-23 17:33:49",1769189629,"spasic","4900010115BFEE5FFBB0736900000000",
131598,3883232,"2026-01-23 17:34:29",1769189669,"spasic","07000D0020000000D335D33573362036",
131624,3883273,"2026-01-23 17:35:10",1769189710,"spasic","4900010165BFEE5F4BB1736900000000",
131649,3883313,"2026-01-23 17:35:50",1769189750,"spasic","07000D0020000000D335D33573362036",
131677,3883354,"2026-01-23 17:36:31",1769189791,"spasic","49000101B5BFEE5F9AB1736900000000",
131703,3883394,"2026-01-23 17:37:11",1769189831,"spasic","07000D0020000000D335D33573362036",
131729,3883435,"2026-01-23 17:37:52",1769189872,"spasic","4900010105C0EE5FEAB1736900000000",
131756,3883475,"2026-01-23 17:38:32",1769189912,"spasic","07000D0020000000D335D33573362036",
131782,3883516,"2026-01-23 17:39:13",1769189953,"spasic","4900010155C0EE5F3AB2736900000000",
131808,3883556,"2026-01-23 17:39:53",1769189993,"spasic","07000D0020000000D335D33573362036",
131835,3883597,"2026-01-23 17:40:34",1769190034,"spasic","49000101A5C0EE5F8BB2736900000000",
131861,3883637,"2026-01-23 17:41:14",1769190074,"spasic","07000D0020000000D335D33573362036",
131887,3883678,"2026-01-23 17:41:55",1769190115,"spasic","49000101F5C0EE5FDBB2736900000000",
131913,3883718,"2026-01-23 17:42:35",1769190155,"spasic","07000D0020000000D335D33573362036",
131933,3883749,"2026-01-23 17:43:06",1769190186,"spasic","4900010145C1EE5F2AB3736900000000",
131958,3883789,"2026-01-23 17:43:46",1769190226,"spasic","07000D0020000000D335D33573362036",
131986,3883830,"2026-01-23 17:44:27",1769190267,"spasic","4900010195C1EE5F7AB3736900000000",
132012,3883870,"2026-01-23 17:45:07",1769190307,"spasic","07000D0020000000D335D33573362036",
132037,3883911,"2026-01-23 17:45:48",1769190348,"spasic","49000101E5C1EE5FCAB3736900000000",
132065,3883951,"2026-01-23 17:46:28",1769190388,"spasic","07000D0020000000D335D33573362036",
132091,3883992,"2026-01-23 17:47:09",1769190429,"spasic","4900010135C2EE5F1AB4736900000000",
132117,3884032,"2026-01-23 17:47:49",1769190469,"spasic","07000D0020000000D335D33573362036",
132144,3884073,"2026-01-23 17:48:30",1769190510,"spasic","4900010185C2EE5F6BB4736900000000",
132170,3884113,"2026-01-23 17:49:10",1769190550,"spasic","07000D0020000000D335D33573362036",
132196,3884154,"2026-01-23 17:49:51",1769190591,"spasic","49000101D5C2EE5FBAB4736900000000",
132223,3884194,"2026-01-23 17:50:31",1769190631,"spasic","07000D0020000000D335D33573362036",
132249,3884235,"2026-01-23 17:51:12",1769190672,"spasic","4900010125C3EE5F0AB5736900000000",
132275,3884275,"2026-01-23 17:51:52",1769190712,"spasic","07000D0020000000D335D33573362036",
132302,3884316,"2026-01-23 17:52:33",1769190753,"spasic","4900010175C3EE5F5AB5736900000000",
132328,3884356,"2026-01-23 17:53:13",1769190793,"spasic","07000D0020000000D335D33573362036",
132354,3884397,"2026-01-23 17:53:54",1769190834,"spasic","49000101C5C3EE5FAAB5736900000000",
132381,3884437,"2026-01-23 17:54:34",1769190874,"spasic","07000D0020000000D335D33573362036",
132407,3884478,"2026-01-23 17:55:15",1769190915,"spasic","4900010115C4EE5FFBB5736900000000",
132426,3884508,"2026-01-23 17:55:45",1769190945,"spasic","07000D0020000000D335D33573362036",
132454,3884549,"2026-01-23 17:56:26",1769190986,"spasic","4900010165C4EE5F4BB6736900000000",
132480,3884589,"2026-01-23 17:57:06",1769191026,"spasic","07000D0020000000D335D33573362036",
132506,3884630,"2026-01-23 17:57:47",1769191067,"spasic","49000101B5C4EE5F9AB6736900000000",
132533,3884670,"2026-01-23 17:58:27",1769191107,"spasic","07000D0020000000D335D33573362036",
132559,3884711,"2026-01-23 17:59:08",1769191148,"spasic","4900010105C5EE5FEAB6736900000000",
132584,3884752,"2026-01-23 17:59:49",1769191189,"spasic","07000D0020000000D335D33573362036",
132609,3884792,"2026-01-23 18:00:29",1769191229,"spasic","4900010155C5EE5F3AB7736900000000",
132633,3884833,"2026-01-23 18:01:10",1769191270,"spasic","07000D0020000000D335D33573362036",
132656,3884873,"2026-01-23 18:01:50",1769191310,"spasic","49000101A5C5EE5F8BB7736900000000",
132679,3884914,"2026-01-23 18:02:31",1769191351,"spasic","07000D0020000000D335D33573362036",
132705,3884954,"2026-01-23 18:03:11",1769191391,"spasic","49000101F5C5EE5FDBB7736900000000",
132731,3884995,"2026-01-23 18:03:52",1769191432,"spasic","07000D0020000000D335D33573362036",
132758,3885035,"2026-01-23 18:04:32",1769191472,"spasic","4900010145C6EE5F2AB8736900000000",
132784,3885076,"2026-01-23 18:05:13",1769191513,"spasic","07000D0020000000D335D33573362036",
132810,3885116,"2026-01-23 18:05:53",1769191553,"spasic","4900010195C6EE5F7AB8736900000000",
132837,3885157,"2026-01-23 18:06:34",1769191594,"spasic","07000D0020000000D335D33573362036",
132863,3885197,"2026-01-23 18:07:14",1769191634,"spasic","49000101E5C6EE5FCAB8736900000000",
132890,3885238,"2026-01-23 18:07:55",1769191675,"spasic","07000D0020000000D335D33573362036",
132916,3885278,"2026-01-23 18:08:35",1769191715,"spasic","4900010135C7EE5F1AB9736900000000",
132936,3885309,"2026-01-23 18:09:06",1769191746,"spasic","07000D0020000000D335D33573362036",
132962,3885349,"2026-01-23 18:09:46",1769191786,"spasic","4900010185C7EE5F6BB9736900000000",
132989,3885390,"2026-01-23 18:10:27",1769191827,"spasic","07000D0020000000D335D33573362036",
133015,3885430,"2026-01-23 18:11:07",1769191867,"spasic","49000101D5C7EE5FBBB9736900000000",
133041,3885471,"2026-01-23 18:11:48",1769191908,"spasic","07000D0020000000D335D33573362036",
133068,3885511,"2026-01-23 18:12:28",1769191948,"spasic","4900010125C8EE5F0ABA736900000000",
133094,3885552,"2026-01-23 18:13:09",1769191989,"spasic","07000D0020000000D335D33573362036",
133120,3885592,"2026-01-23 18:13:49",1769192029,"spasic","4900010175C8EE5F5ABA736900000000",
133147,3885633,"2026-01-23 18:14:30",1769192070,"spasic","07000D0020000000D335D33573362036",
133173,3885673,"2026-01-23 18:15:10",1769192110,"spasic","49000101C5C8EE5FAABA736900000000",
133199,3885714,"2026-01-23 18:15:51",1769192151,"spasic","07000D0020000000D335D33573362036",
133226,3885754,"2026-01-23 18:16:31",1769192191,"spasic","4900010115C9EE5FFBBA736900000000",
133252,3885795,"2026-01-23 18:17:12",1769192232,"spasic","07000D0020000000D335D33573362036",
133279,3885835,"2026-01-23 18:17:52",1769192272,"spasic","4900010165C9EE5F4BBB736900000000",
133305,3885876,"2026-01-23 18:18:33",1769192313,"spasic","07000D0020000000D335D33573362036",
133331,3885916,"2026-01-23 18:19:13",1769192353,"spasic","49000101B5C9EE5F9ABB736900000000",
133358,3885957,"2026-01-23 18:19:54",1769192394,"spasic","07000D0020000000D335D33573362036",
133384,3885997,"2026-01-23 18:20:34",1769192434,"spasic","4900010105CAEE5FEABB736900000000",
133410,3886038,"2026-01-23 18:21:15",1769192475,"spasic","07000D0020000000D335D33573362036",
133430,3886068,"2026-01-23 18:21:45",1769192505,"spasic","4900010155CAEE5F3ABC736900000000",
133457,3886109,"2026-01-23 18:22:26",1769192546,"spasic","07000D0020000000D335D33573362036",
133482,3886149,"2026-01-23 18:23:06",1769192586,"spasic","49000101A5CAEE5F8BBC736900000000",
133508,3886190,"2026-01-23 18:23:47",1769192627,"spasic","07000D0020000000D335D33573362036",
133535,3886230,"2026-01-23 18:24:27",1769192667,"spasic","49000101F5CAEE5FDABC736900000000",
133561,3886271,"2026-01-23 18:25:08",1769192708,"spasic","07000D0020000000D335D33573362036",
133587,3886311,"2026-01-23 18:25:48",1769192748,"spasic","4900010145CBEE5F29BD736900000000",
133614,3886352,"2026-01-23 18:26:29",1769192789,"spasic","07000D0020000000D335D33573362036",
133640,3886392,"2026-01-23 18:27:09",1769192829,"spasic","4900010195CBEE5F79BD736900000000",
133666,3886433,"2026-01-23 18:27:50",1769192870,"spasic","07000D0020000000D335D33573362036",
133693,3886474,"2026-01-23 18:28:31",1769192911,"spasic","49000101E5CBEE5FC9BD736900000000",
133719,3886514,"2026-01-23 18:29:11",1769192951,"spasic","07000D0020000000D335D33573362036",
133746,3886555,"2026-01-23 18:29:52",1769192992,"spasic","4900010135CCEE5F19BE736900000000",
133772,3886595,"2026-01-23 18:30:32",1769193032,"spasic","07000D0020000000D335D33573362036";
133798,3886636,"2026-01-23 18:31:13",1769193073,"spasic","4900010185CCEE5F6ABE736900000000",
133825,3886676,"2026-01-23 18:31:53",1769193113,"spasic","07000D0020000000D335D33573362036",
133851,3886717,"2026-01-23 18:32:34",1769193154,"spasic","49000101D5CCEE5FBABE736900000000",
133877,3886757,"2026-01-23 18:33:14",1769193194,"spasic","07000D0020000000D335D33573362036",
133904,3886798,"2026-01-23 18:33:55",1769193235,"spasic","4900010125CDEE5F09BF736900000000",
133930,3886838,"2026-01-23 18:34:35",1769193275,"spasic","07000D0020000000D335D33573362036",
133949,3886869,"2026-01-23 18:35:06",1769193306,"spasic","4900010175CDEE5F59BF736900000000",
133975,3886909,"2026-01-23 18:35:46",1769193346,"spasic","07000D0020000000D335D33573362036",
134002,3886950,"2026-01-23 18:36:27",1769193387,"spasic","49000101C5CDEE5FA9BF736900000000",
134028,3886990,"2026-01-23 18:37:07",1769193427,"spasic","07000D0020000000D335D33573362036",
134054,3887031,"2026-01-23 18:37:48",1769193468,"spasic","4900010115CEEE5FFABF736900000000",
134081,3887071,"2026-01-23 18:38:28",1769193508,"spasic","07000D0020000000D335D33573362036",
134107,3887112,"2026-01-23 18:39:09",1769193549,"spasic","4900010165CEEE5F4BC0736900000000",
134134,3887152,"2026-01-23 18:39:49",1769193589,"spasic","07000D0020000000D335D33573362036",
134158,3887193,"2026-01-23 18:40:30",1769193630,"spasic","49000101B5CEEE5F9AC0736900000000",
134181,3887233,"2026-01-23 18:41:10",1769193670,"spasic","07000D0020000000D335D33573362036",
134205,3887274,"2026-01-23 18:41:51",1769193711,"spasic","4900010105CFEE5FEAC0736900000000",
134228,3887314,"2026-01-23 18:42:31",1769193751,"spasic","07000D0020000000D335D33573362036",
134253,3887355,"2026-01-23 18:43:12",1769193792,"spasic","4900010155CFEE5F3AC1736900000000",
134280,3887395,"2026-01-23 18:43:52",1769193832,"spasic","07000D0020000000D335D33573362036",
134306,3887436,"2026-01-23 18:44:33",1769193873,"spasic","49000101A5CFEE5F8AC1736900000000",
134332,3887476,"2026-01-23 18:45:13",1769193913,"spasic","07000D0020000000D335D33573362036",
134359,3887517,"2026-01-23 18:45:54",1769193954,"spasic","49000101F5CFEE5FDBC1736900000000",
134385,3887557,"2026-01-23 18:46:34",1769193994,"spasic","07000D0020000000D335D33573362036",
134411,3887598,"2026-01-23 18:47:15",1769194035,"spasic","4900010145D0EE5F2AC2736900000000",
134438,3887638,"2026-01-23 18:47:55",1769194075,"spasic","07000D0020000000D335D33573362036",
134458,3887669,"2026-01-23 18:48:26",1769194106,"spasic","4900010195D0EE5F7AC2736900000000",
134484,3887709,"2026-01-23 18:49:06",1769194146,"spasic","07000D0020000000D335D33573362036",
134511,3887750,"2026-01-23 18:49:47",1769194187,"spasic","49000101E5D0EE5FCAC2736900000000",
134537,3887790,"2026-01-23 18:50:27",1769194227,"spasic","07000D0020000000D335D33573362036",
134563,3887831,"2026-01-23 18:51:08",1769194268,"spasic","4900010135D1EE5F1AC3736900000000",
134590,3887871,"2026-01-23 18:51:48",1769194308,"spasic","07000D0020000000D335D33573362036",
134616,3887912,"2026-01-23 18:52:29",1769194349,"spasic","4900010185D1EE5F6BC3736900000000",
134642,3887952,"2026-01-23 18:53:09",1769194389,"spasic","07000D0020000000D335D33573362036",
134669,3887993,"2026-01-23 18:53:50",1769194430,"spasic","49000101D5D1EE5FBAC3736900000000",
134695,3888033,"2026-01-23 18:54:30",1769194470,"spasic","07000D0020000000D335D33573362036",
134721,3888074,"2026-01-23 18:55:11",1769194511,"spasic","4900010125D2EE5F0AC4736900000000",
134748,3888114,"2026-01-23 18:55:51",1769194551,"spasic","07000D0020000000D335D33573362036",
134774,3888155,"2026-01-23 18:56:32",1769194592,"spasic","4900010175D2EE5F5AC4736900000000",
134800,3888196,"2026-01-23 18:57:13",1769194633,"spasic","07000D0020000000D335D33573362036",
134827,3888236,"2026-01-23 18:57:53",1769194673,"spasic","49000101C5D2EE5FAAC4736900000000",
134853,3888277,"2026-01-23 18:58:34",1769194714,"spasic","07000D0020000000D335D33573362036",
134879,3888317,"2026-01-23 18:59:14",1769194754,"spasic","4900010115D3EE5FFBC4736900000000",
134906,3888358,"2026-01-23 18:59:55",1769194795,"spasic","07000D0020000000D335D33573362036",
134933,3888398,"2026-01-23 19:00:35",1769194835,"spasic","4900010165D3EE5F4BC5736900000000",
134952,3888428,"2026-01-23 19:01:05",1769194865,"spasic","07000D0020000000D335D33573362036",
134979,3888469,"2026-01-23 19:01:46",1769194906,"spasic","49000101B5D3EE5F9AC5736900000000",
135005,3888510,"2026-01-23 19:02:27",1769194947,"spasic","07000D0020000000D335D33573362036",
135031,3888550,"2026-01-23 19:03:07",1769194987,"spasic","4900010105D4EE5FEAC5736900000000",
135058,3888591,"2026-01-23 19:03:48",1769195028,"spasic","07000D0020000000D335D33573362036",
135084,3888631,"2026-01-23 19:04:28",1769195068,"spasic","4900010155D4EE5F3AC6736900000000",
135110,3888672,"2026-01-23 19:05:09",1769195109,"spasic","07000D0020000000D335D33573362036",
135137,3888712,"2026-01-23 19:05:49",1769195149,"spasic","49000101A5D4EE5F8BC6736900000000",
135163,3888753,"2026-01-23 19:06:30",1769195190,"spasic","07000D0020000000D335D33573362036",
135189,3888793,"2026-01-23 19:07:10",1769195230,"spasic","49000101F5D4EE5FDBC6736900000000",
135216,3888834,"2026-01-23 19:07:51",1769195271,"spasic","07000D0020000000D335D33573362036",
135242,3888874,"2026-01-23 19:08:31",1769195311,"spasic","4900010145D5EE5F2AC7736900000000",
135268,3888915,"2026-01-23 19:09:12",1769195352,"spasic","07000D0020000000D335D33573362036",
135295,3888955,"2026-01-23 19:09:52",1769195392,"spasic","4900010195D5EE5F7AC7736900000000",
135322,3888996,"2026-01-23 19:10:33",1769195433,"spasic","07000D0020000000D335D33573362036",
135347,3889036,"2026-01-23 19:11:13",1769195473,"spasic","49000101E5D5EE5FCAC7736900000000",
135375,3889077,"2026-01-23 19:11:54",1769195514,"spasic","07000D0020000000D335D33573362036",
135401,3889117,"2026-01-23 19:12:34",1769195554,"spasic","4900010135D6EE5F1AC8736900000000",
135426,3889158,"2026-01-23 19:13:15",1769195595,"spasic","07000D0020000000D335D33573362036",
135454,3889198,"2026-01-23 19:13:55",1769195635,"spasic","4900010185D6EE5F6BC8736900000000",
135473,3889229,"2026-01-23 19:14:26",1769195666,"spasic","07000D0020000000D335D33573362036",
135499,3889269,"2026-01-23 19:15:06",1769195706,"spasic","49000101D5D6EE5FBAC8736900000000",
135526,3889310,"2026-01-23 19:15:47",1769195747,"spasic","07000D0020000000D335D33573362036",
135552,3889350,"2026-01-23 19:16:27",1769195787,"spasic","4900010125D7EE5F0AC9736900000000",
135578,3889391,"2026-01-23 19:17:08",1769195828,"spasic","07000D0020000000D335D33573362036",
135605,3889431,"2026-01-23 19:17:48",1769195868,"spasic","4900010175D7EE5F59C9736900000000",
135631,3889472,"2026-01-23 19:18:29",1769195909,"spasic","07000D0020000000D335D33573362036",
135657,3889512,"2026-01-23 19:19:09",1769195949,"spasic","49000101C5D7EE5FA9C9736900000000",
135684,3889553,"2026-01-23 19:19:50",1769195990,"spasic","07000D0020000000D335D33573362036",
135710,3889593,"2026-01-23 19:20:30",1769196030,"spasic","4900010115D8EE5FF9C9736900000000",
135736,3889634,"2026-01-23 19:21:11",1769196071,"spasic","07000D0020000000D335D33573362036",
135764,3889674,"2026-01-23 19:21:51",1769196111,"spasic","4900010165D8EE5F49CA736900000000",
135788,3889715,"2026-01-23 19:22:32",1769196152,"spasic","07000D0020000000D335D33573362036",
135813,3889755,"2026-01-23 19:23:12",1769196192,"spasic","49000101B5D8EE5F99CA736900000000",
135841,3889796,"2026-01-23 19:23:53",1769196233,"spasic","07000D0020000000D335D33573362036",
135867,3889837,"2026-01-23 19:24:34",1769196274,"spasic","4900010105D9EE5FE9CA736900000000",
135892,3889877,"2026-01-23 19:25:14",1769196314,"spasic","07000D0020000000D335D33573362036",
135920,3889918,"2026-01-23 19:25:55",1769196355,"spasic","4900010155D9EE5F39CB736900000000",
135946,3889958,"2026-01-23 19:26:35",1769196395,"spasic","07000D0020000000D335D33573362036",
135965,3889988,"2026-01-23 19:27:05",1769196425,"spasic","49000101A5D9EE5F89CB736900000000",
135992,3890029,"2026-01-23 19:27:46",1769196466,"spasic","07000D0020000000D335D33573362036",
136018,3890069,"2026-01-23 19:28:26",1769196506,"spasic","49000101F5D9EE5FDACB736900000000",
136044,3890110,"2026-01-23 19:29:07",1769196547,"spasic","07000D0020000000D335D33573362036",
136071,3890151,"2026-01-23 19:29:48",1769196588,"spasic","4900010145DAEE5F29CC736900000000",
136097,3890191,"2026-01-23 19:30:28",1769196628,"spasic","07000D0020000000D335D33573362036",
136123,3890232,"2026-01-23 19:31:09",1769196669,"spasic","4900010195DAEE5F79CC736900000000",
136151,3890272,"2026-01-23 19:31:49",1769196709,"spasic","07000D0020000000D335D33573362036",
136177,3890313,"2026-01-23 19:32:30",1769196750,"spasic","49000101E5DAEE5FC9CC736900000000",
136202,3890353,"2026-01-23 19:33:10",1769196790,"spasic","07000D0020000000D335D33573362036",
136230,3890394,"2026-01-23 19:33:51",1769196831,"spasic","4900010135DBEE5F19CD736900000000",
136256,3890434,"2026-01-23 19:34:31",1769196871,"spasic","07000D0020000000D335D33573362036",
136281,3890475,"2026-01-23 19:35:12",1769196912,"spasic","4900010185DBEE5F6BCD736900000000",
136309,3890515,"2026-01-23 19:35:52",1769196952,"spasic","07000D0020000000D335D33573362036",
136335,3890556,"2026-01-23 19:36:33",1769196993,"spasic","49000101D5DBEE5FBBCD736900000000",
136360,3890596,"2026-01-23 19:37:13",1769197033,"spasic","07000D0020000000D335D33573362036",
136388,3890637,"2026-01-23 19:37:54",1769197074,"spasic","4900010125DCEE5F09CE736900000000",
136414,3890677,"2026-01-23 19:38:34",1769197114,"spasic","07000D0020000000D335D33573362036",
136439,3890718,"2026-01-23 19:39:15",1769197155,"spasic","4900010175DCEE5F5ACE736900000000",
136467,3890758,"2026-01-23 19:39:55",1769197195,"spasic","07000D0020000000D335D33573362036",
136486,3890789,"2026-01-23 19:40:26",1769197226,"spasic","49000101C5DCEE5FAACE736900000000",
136512,3890829,"2026-01-23 19:41:06",1769197266,"spasic","07000D0020000000D335D33573362036",
136537,3890870,"2026-01-23 19:41:47",1769197307,"spasic","4900010115DDEE5FFBCE736900000000",
136563,3890910,"2026-01-23 19:42:27",1769197347,"spasic","07000D0020000000D335D33573362036",
136587,3890951,"2026-01-23 19:43:08",1769197388,"spasic","4900010165DDEE5F4BCF736900000000",
136615,3890991,"2026-01-23 19:43:48",1769197428,"spasic","07000D0020000000D335D33573362036",
136641,3891032,"2026-01-23 19:44:29",1769197469,"spasic","49000101B5DDEE5F9ACF736900000000",
136666,3891072,"2026-01-23 19:45:09",1769197509,"spasic","07000D0020000000D335D33573362036",
136694,3891113,"2026-01-23 19:45:50",1769197550,"spasic","4900010105DEEE5FEACF736900000000",
136720,3891153,"2026-01-23 19:46:30",1769197590,"spasic","07000D0020000000D335D33573362036",
136745,3891194,"2026-01-23 19:47:11",1769197631,"spasic","4900010155DEEE5F3AD0736900000000",
136773,3891234,"2026-01-23 19:47:51",1769197671,"spasic","07000D0020000000D335D33573362036",
136799,3891275,"2026-01-23 19:48:32",1769197712,"spasic","49000101A5DEEE5F8AD0736900000000",
136824,3891315,"2026-01-23 19:49:12",1769197752,"spasic","07000D0020000000D335D33573362036",
136852,3891356,"2026-01-23 19:49:53",1769197793,"spasic","49000101F5DEEE5FDBD0736900000000",
136878,3891396,"2026-01-23 19:50:33",1769197833,"spasic","07000D0020000000D335D33573362036",
136903,3891437,"2026-01-23 19:51:14",1769197874,"spasic","4900010145DFEE5F2AD1736900000000",
136931,3891477,"2026-01-23 19:51:54",1769197914,"spasic","07000D0020000000D335D33573362036",
136957,3891518,"2026-01-23 19:52:35",1769197955,"spasic","4900010195DFEE5F7AD1736900000000",
136976,3891548,"2026-01-23 19:53:05",1769197985,"spasic","07000D0020000000D335D33573362036",
137004,3891589,"2026-01-23 19:53:46",1769198026,"spasic","49000101E5DFEE5FCAD1736900000000",
137030,3891629,"2026-01-23 19:54:26",1769198066,"spasic","07000D0020000000D335D33573362036",
137055,3891670,"2026-01-23 19:55:07",1769198107,"spasic","4900010135E0EE5F1AD2736900000000",
137083,3891710,"2026-01-23 19:55:47",1769198147,"spasic","07000D0020000000D335D33573362036",
137109,3891751,"2026-01-23 19:56:28",1769198188,"spasic","4900010185E0EE5F6BD2736900000000",
137134,3891791,"2026-01-23 19:57:08",1769198228,"spasic","07000D0020000000D335D33573362036",
137162,3891832,"2026-01-23 19:57:49",1769198269,"spasic","49000101D5E0EE5FBAD2736900000000",
137188,3891872,"2026-01-23 19:58:29",1769198309,"spasic","07000D0020000000D335D33573362036",
137212,3891913,"2026-01-23 19:59:10",1769198350,"spasic","4900010125E1EE5F0AD3736900000000",
137240,3891954,"2026-01-23 19:59:51",1769198391,"spasic","07000D0020000000D335D33573362036",
137266,3891994,"2026-01-23 20:00:31",1769198431,"spasic","4900010175E1EE5F5AD3736900000000",
137291,3892035,"2026-01-23 20:01:12",1769198472,"spasic","07000D0020000000D335D33573362036",
137319,3892075,"2026-01-23 20:01:52",1769198512,"spasic","49000101C5E1EE5FAAD3736900000000",
137343,3892116,"2026-01-23 20:02:33",1769198553,"spasic","07000D0020000000D335D33573362036",
137368,3892156,"2026-01-23 20:03:13",1769198593,"spasic","4900010115E2EE5FFAD3736900000000",
137396,3892197,"2026-01-23 20:03:54",1769198634,"spasic","07000D0020000000D335D33573362036",
137422,3892237,"2026-01-23 20:04:34",1769198674,"spasic","4900010165E2EE5F4BD4736900000000",
137447,3892278,"2026-01-23 20:05:15",1769198715,"spasic","07000D0020000000D335D33573362036",
137475,3892318,"2026-01-23 20:05:55",1769198755,"spasic","49000101B5E2EE5F9AD4736900000000",
137495,3892349,"2026-01-23 20:06:26",1769198786,"spasic","07000D0020000000D335D33573362036",
137520,3892389,"2026-01-23 20:07:06",1769198826,"spasic","4900010105E3EE5FEAD4736900000000",
137548,3892430,"2026-01-23 20:07:47",1769198867,"spasic","07000D0020000000D335D33573362036",
137574,3892470,"2026-01-23 20:08:27",1769198907,"spasic","4900010155E3EE5F3AD5736900000000",
137599,3892511,"2026-01-23 20:09:08",1769198948,"spasic","07000D0020000000D335D33573362036",
137627,3892551,"2026-01-23 20:09:48",1769198988,"spasic","49000101A5E3EE5F8AD5736900000000",
137653,3892592,"2026-01-23 20:10:29",1769199029,"spasic","07000D0020000000D335D33573362036",
137678,3892632,"2026-01-23 20:11:09",1769199069,"spasic","49000101F5E3EE5FDBD5736900000000",
137706,3892673,"2026-01-23 20:11:50",1769199110,"spasic","07000D0020000000D335D33573362036",
137732,3892713,"2026-01-23 20:12:30",1769199150,"spasic","4900010145E4EE5F2AD6736900000000",
137757,3892754,"2026-01-23 20:13:11",1769199191,"spasic","07000D0020000000D335D33573362036",
137785,3892794,"2026-01-23 20:13:51",1769199231,"spasic","4900010195E4EE5F79D6736900000000",
137811,3892835,"2026-01-23 20:14:32",1769199272,"spasic","07000D0020000000D335D33573362036",
137836,3892875,"2026-01-23 20:15:12",1769199312,"spasic","49000101E5E4EE5FC9D6736900000000",
137864,3892916,"2026-01-23 20:15:53",1769199353,"spasic","07000D0020000000D335D33573362036",
137890,3892956,"2026-01-23 20:16:33",1769199393,"spasic","4900010135E5EE5F1AD7736900000000",
137915,3892997,"2026-01-23 20:17:14",1769199434,"spasic","07000D0020000000D335D33573362036",
137943,3893037,"2026-01-23 20:17:54",1769199474,"spasic","4900010185E5EE5F69D7736900000000",
137968,3893078,"2026-01-23 20:18:35",1769199515,"spasic","07000D0020000000D335D33573362036",
137987,3893108,"2026-01-23 20:19:05",1769199545,"spasic","49000101D5E5EE5FB9D7736900000000",
138013,3893149,"2026-01-23 20:19:46",1769199586,"spasic","07000D0020000000D335D33573362036",
138036,3893189,"2026-01-23 20:20:26",1769199626,"spasic","4900010125E6EE5F09D8736900000000",
138060,3893230,"2026-01-23 20:21:07",1769199667,"spasic","07000D0020000000D335D33573362036",
138085,3893270,"2026-01-23 20:21:47",1769199707,"spasic","4900010175E6EE5F59D8736900000000",
138107,3893311,"2026-01-23 20:22:28",1769199748,"spasic","07000D0020000000D335D33573362036",
138131,3893351,"2026-01-23 20:23:08",1769199788,"spasic","49000101C5E6EE5FA9D8736900000000",
138159,3893392,"2026-01-23 20:23:49",1769199829,"spasic","07000D0020000000D335D33573362036",
138185,3893432,"2026-01-23 20:24:29",1769199869,"spasic","4900010115E7EE5FF9D8736900000000",
138210,3893473,"2026-01-23 20:25:10",1769199910,"spasic","07000D0020000000D335D33573362036",
138238,3893513,"2026-01-23 20:25:50",1769199950,"spasic","4900010165E7EE5F4AD9736900000000",
138264,3893554,"2026-01-23 20:26:31",1769199991,"spasic","07000D0020000000D335D33573362036",
138289,3893594,"2026-01-23 20:27:11",1769200031,"spasic","49000101B5E7EE5F99D9736900000000",
138317,3893635,"2026-01-23 20:27:52",1769200072,"spasic","07000D0020000000D335D33573362036",
138343,3893676,"2026-01-23 20:28:33",1769200113,"spasic","4900010105E8EE5FE9D9736900000000",
138368,3893716,"2026-01-23 20:29:13",1769200153,"spasic","07000D0020000000D335D33573362036",
138396,3893757,"2026-01-23 20:29:54",1769200194,"spasic","4900010155E8EE5F39DA736900000000",
138422,3893797,"2026-01-23 20:30:34",1769200234,"spasic","07000D0020000000D335D33573362036",
138447,3893838,"2026-01-23 20:31:15",1769200275,"spasic","49000101A5E8EE5F89DA736900000000",
138475,3893878,"2026-01-23 20:31:55",1769200315,"spasic","07000D0020000000D335D33573362036",
138495,3893908,"2026-01-23 20:32:25",1769200345,"spasic","49000101F5E8EE5FDADA736900000000",
138520,3893949,"2026-01-23 20:33:06",1769200386,"spasic","07000D0020000000D335D33573362036",
138548,3893990,"2026-01-23 20:33:47",1769200427,"spasic","4900010145E9EE5F29DB736900000000",
138574,3894030,"2026-01-23 20:34:27",1769200467,"spasic","07000D0020000000D335D33573362036",
138599,3894071,"2026-01-23 20:35:08",1769200508,"spasic","4900010195E9EE5F79DB736900000000",
138627,3894111,"2026-01-23 20:35:48",1769200548,"spasic","07000D0020000000D335D33573362036",
138653,3894152,"2026-01-23 20:36:29",1769200589,"spasic","49000101E5E9EE5FCADB736900000000",
138678,3894192,"2026-01-23 20:37:09",1769200629,"spasic","07000D0020000000D335D33573362036",
138706,3894233,"2026-01-23 20:37:50",1769200670,"spasic","4900010135EAEE5F1ADC736900000000",
138732,3894273,"2026-01-23 20:38:30",1769200710,"spasic","07000D0020000000D335D33573362036",
138757,3894314,"2026-01-23 20:39:11",1769200751,"spasic","4900010185EAEE5F6BDC736900000000",
138785,3894354,"2026-01-23 20:39:51",1769200791,"spasic","07000D0020000000D335D33573362036",
138811,3894395,"2026-01-23 20:40:32",1769200832,"spasic","49000101D5EAEE5FBADC736900000000",
138836,3894435,"2026-01-23 20:41:12",1769200872,"spasic","07000D0020000000D335D33573362036",
138864,3894476,"2026-01-23 20:41:53",1769200913,"spasic","4900010125EBEE5F0ADD736900000000",
138889,3894516,"2026-01-23 20:42:33",1769200953,"spasic","07000D0020000000D335D33573362036",
138914,3894557,"2026-01-23 20:43:14",1769200994,"spasic","4900010175EBEE5F5ADD736900000000",
138942,3894597,"2026-01-23 20:43:54",1769201034,"spasic","07000D0020000000D335D33573362036",
138968,3894638,"2026-01-23 20:44:35",1769201075,"spasic","49000101C5EBEE5FAADD736900000000",
138987,3894668,"2026-01-23 20:45:05",1769201105,"spasic","07000D0020000000D335D33573362036",
139015,3894709,"2026-01-23 20:45:46",1769201146,"spasic","4900010115ECEE5FFADD736900000000",
139041,3894749,"2026-01-23 20:46:26",1769201186,"spasic","07000D0020000000D335D33573362036",
139066,3894790,"2026-01-23 20:47:07",1769201227,"spasic","4900010165ECEE5F4ADE736900000000",
139094,3894830,"2026-01-23 20:47:47",1769201267,"spasic","07000D0020000000D335D33573362036",
139120,3894871,"2026-01-23 20:48:28",1769201308,"spasic","49000101B5ECEE5F9ADE736900000000",
139145,3894911,"2026-01-23 20:49:08",1769201348,"spasic","07000D0020000000D335D33573362036",
139173,3894952,"2026-01-23 20:49:49",1769201389,"spasic","4900010105EDEE5FEADE736900000000",
139199,3894992,"2026-01-23 20:50:29",1769201429,"spasic","07000D0020000000D335D33573362036",
139224,3895033,"2026-01-23 20:51:10",1769201470,"spasic","4900010155EDEE5F3ADF736900000000",
139252,3895073,"2026-01-23 20:51:50",1769201510,"spasic","07000D0020000000D335D33573362036",
139278,3895114,"2026-01-23 20:52:31",1769201551,"spasic","49000101A5EDEE5F8ADF736900000000",
139303,3895154,"2026-01-23 20:53:11",1769201591,"spasic","07000D0020000000D335D33573362036",
139331,3895195,"2026-01-23 20:53:52",1769201632,"spasic","49000101F5EDEE5FDADF736900000000",
139357,3895235,"2026-01-23 20:54:32",1769201672,"spasic","07000D0020000000D335D33573362036",
139382,3895276,"2026-01-23 20:55:13",1769201713,"spasic","4900010145EEEE5F2AE0736900000000",
139410,3895317,"2026-01-23 20:55:54",1769201754,"spasic","07000D0020000000D335D33573362036",
139436,3895357,"2026-01-23 20:56:34",1769201794,"spasic","4900010195EEEE5F7AE0736900000000",
139462,3895398,"2026-01-23 20:57:15",1769201835,"spasic","07000D0020000000D335D33573362036",
139489,3895438,"2026-01-23 20:57:55",1769201875,"spasic","49000101E5EEEE5FCAE0736900000000",
139509,3895468,"2026-01-23 20:58:25",1769201905,"spasic","07000D0020000000D335D33573362036",
139534,3895509,"2026-01-23 20:59:06",1769201946,"spasic","4900010135EFEE5F1AE1736900000000",
139561,3895549,"2026-01-23 20:59:46",1769201986,"spasic","07000D0020000000D335D33573362036",
139586,3895590,"2026-01-23 21:00:27",1769202027,"spasic","4900010185EFEE5F6AE1736900000000",
139609,3895631,"2026-01-23 21:01:08",1769202068,"spasic","07000D0020000000D335D33573362036",
139633,3895671,"2026-01-23 21:01:48",1769202108,"spasic","49000101D5EFEE5FBAE1736900000000",
139655,3895712,"2026-01-23 21:02:29",1769202149,"spasic","07000D0020000000D335D33573362036",
139680,3895752,"2026-01-23 21:03:09",1769202189,"spasic","4900010125F0EE5F0AE2736900000000",
139708,3895793,"2026-01-23 21:03:50",1769202230,"spasic","07000D0020000000D335D33573362036",
139734,3895833,"2026-01-23 21:04:30",1769202270,"spasic","4900010175F0EE5F5AE2736900000000",
139759,3895874,"2026-01-23 21:05:11",1769202311,"spasic","07000D0020000000D335D33573362036",
139787,3895914,"2026-01-23 21:05:51",1769202351,"spasic","49000101C5F0EE5FAAE2736900000000",
139813,3895955,"2026-01-23 21:06:32",1769202392,"spasic","07000D0020000000D335D33573362036",
139839,3895995,"2026-01-23 21:07:12",1769202432,"spasic","4900010115F1EE5FFAE2736900000000",
139866,3896036,"2026-01-23 21:07:53",1769202473,"spasic","07000D0020000000D335D33573362036",
139892,3896076,"2026-01-23 21:08:33",1769202513,"spasic","4900010165F1EE5F4BE3736900000000",
139918,3896117,"2026-01-23 21:09:14",1769202554,"spasic","07000D0020000000D335D33573362036",
139945,3896157,"2026-01-23 21:09:54",1769202594,"spasic","49000101B5F1EE5F9AE3736900000000",
139971,3896198,"2026-01-23 21:10:35",1769202635,"spasic","07000D0020000000D335D33573362036",
139990,3896228,"2026-01-23 21:11:05",1769202665,"spasic","4900010105F2EE5FEAE3736900000000",
140018,3896269,"2026-01-23 21:11:46",1769202706,"spasic","07000D0020000000D335D33573362036",
140044,3896309,"2026-01-23 21:12:26",1769202746,"spasic","4900010155F2EE5F3AE4736900000000",
140069,3896350,"2026-01-23 21:13:07",1769202787,"spasic","07000D0020000000D335D33573362036",
140097,3896390,"2026-01-23 21:13:47",1769202827,"spasic","49000101A5F2EE5F89E4736900000000",
140123,3896431,"2026-01-23 21:14:28",1769202868,"spasic","07000D0020000000D335D33573362036",
140148,3896471,"2026-01-23 21:15:08",1769202908,"spasic","49000101F5F2EE5FDAE4736900000000",
140176,3896512,"2026-01-23 21:15:49",1769202949,"spasic","07000D0020000000D335D33573362036",
140202,3896552,"2026-01-23 21:16:29",1769202989,"spasic","4900010145F3EE5F29E5736900000000",
140228,3896593,"2026-01-23 21:17:10",1769203030,"spasic","07000D0020000000D335D33573362036",
140255,3896633,"2026-01-23 21:17:50",1769203070,"spasic","4900010195F3EE5F79E5736900000000",
140281,3896674,"2026-01-23 21:18:31",1769203111,"spasic","07000D0020000000D335D33573362036",
140307,3896714,"2026-01-23 21:19:11",1769203151,"spasic","49000101E5F3EE5FC9E5736900000000",
140334,3896755,"2026-01-23 21:19:52",1769203192,"spasic","07000D0020000000D335D33573362036",
140360,3896795,"2026-01-23 21:20:32",1769203232,"spasic","4900010135F4EE5F19E6736900000000",
140386,3896836,"2026-01-23 21:21:13",1769203273,"spasic","07000D0020000000D335D33573362036",
140413,3896876,"2026-01-23 21:21:53",1769203313,"spasic","4900010185F4EE5F69E6736900000000",
140438,3896917,"2026-01-23 21:22:34",1769203354,"spasic","07000D0020000000D335D33573362036",
140464,3896957,"2026-01-23 21:23:14",1769203394,"spasic","49000101D5F4EE5FB9E6736900000000",
140490,3896998,"2026-01-23 21:23:55",1769203435,"spasic","07000D0020000000D335D33573362036",
140510,3897028,"2026-01-23 21:24:25",1769203465,"spasic","4900010125F5EE5F09E7736900000000",
140535,3897069,"2026-01-23 21:25:06",1769203506,"spasic","07000D0020000000D335D33573362036",
140563,3897109,"2026-01-23 21:25:46",1769203546,"spasic","4900010175F5EE5F59E7736900000000",
140589,3897150,"2026-01-23 21:26:27",1769203587,"spasic","07000D0020000000D335D33573362036",
140615,3897190,"2026-01-23 21:27:07",1769203627,"spasic","49000101C5F5EE5FA9E7736900000000",
140642,3897231,"2026-01-23 21:27:48",1769203668,"spasic","07000D0020000000D335D33573362036",
140668,3897271,"2026-01-23 21:28:28",1769203708,"spasic","4900010115F6EE5FF9E7736900000000",
140694,3897312,"2026-01-23 21:29:09",1769203749,"spasic","07000D0020000000D335D33573362036",
140721,3897352,"2026-01-23 21:29:49",1769203789,"spasic","4900010165F6EE5F4AE8736900000000",
140747,3897393,"2026-01-23 21:30:30",1769203830,"spasic","07000D0020000000D335D33573362036",
140773,3897433,"2026-01-23 21:31:10",1769203870,"spasic","49000101B5F6EE5F99E8736900000000",
140800,3897474,"2026-01-23 21:31:51",1769203911,"spasic","07000D0020000000D335D33573362036",
140826,3897515,"2026-01-23 21:32:32",1769203952,"spasic","4900010105F7EE5FE9E8736900000000",
140852,3897555,"2026-01-23 21:33:12",1769203992,"spasic","07000D0020000000D335D33573362036",
140879,3897596,"2026-01-23 21:33:53",1769204033,"spasic","4900010155F7EE5F39E9736900000000",
140905,3897636,"2026-01-23 21:34:33",1769204073,"spasic","07000D0020000000D335D33573362036",
140931,3897677,"2026-01-23 21:35:14",1769204114,"spasic","49000101A5F7EE5F89E9736900000000",
140958,3897717,"2026-01-23 21:35:54",1769204154,"spasic","07000D0020000000D335D33573362036",
140984,3897758,"2026-01-23 21:36:35",1769204195,"spasic","49000101F5F7EE5FD9E9736900000000",
141011,3897798,"2026-01-23 21:37:15",1769204235,"spasic","07000D0020000000D335D33573362036",
141031,3897829,"2026-01-23 21:37:46",1769204266,"spasic","4900010145F8EE5F29EA736900000000",
141057,3897869,"2026-01-23 21:38:26",1769204306,"spasic","07000D0020000000D335D33573362036",
141083,3897910,"2026-01-23 21:39:07",1769204347,"spasic","4900010195F8EE5F79EA736900000000",
141110,3897950,"2026-01-23 21:39:47",1769204387,"spasic","07000D0020000000D335D33573362036",
141135,3897991,"2026-01-23 21:40:28",1769204428,"spasic","49000101E5F8EE5FCAEA736900000000",
141161,3898031,"2026-01-23 21:41:08",1769204468,"spasic","07000D0020000000D335D33573362036",
141188,3898072,"2026-01-23 21:41:49",1769204509,"spasic","4900010135F9EE5F1AEB736900000000",
141212,3898112,"2026-01-23 21:42:29",1769204549,"spasic","07000D0020000000D335D33573362036",
141238,3898153,"2026-01-23 21:43:10",1769204590,"spasic","4900010185F9EE5F6AEB736900000000",
141265,3898193,"2026-01-23 21:43:50",1769204630,"spasic","07000D0020000000D335D33573362036",
141291,3898234,"2026-01-23 21:44:31",1769204671,"spasic","49000101D5F9EE5FBAEB736900000000",
141317,3898274,"2026-01-23 21:45:11",1769204711,"spasic","07000D0020000000D335D33573362036",
141344,3898315,"2026-01-23 21:45:52",1769204752,"spasic","4900010125FAEE5F0AEC736900000000",
141370,3898355,"2026-01-23 21:46:32",1769204792,"spasic","07000D0020000000D335D33573362036",
141396,3898396,"2026-01-23 21:47:13",1769204833,"spasic","4900010175FAEE5F5AEC736900000000",
141423,3898436,"2026-01-23 21:47:53",1769204873,"spasic","07000D0020000000D335D33573362036",
141449,3898477,"2026-01-23 21:48:34",1769204914,"spasic","49000101C5FAEE5FAAEC736900000000",
141476,3898517,"2026-01-23 21:49:14",1769204954,"spasic","07000D0020000000D335D33573362036",
141502,3898558,"2026-01-23 21:49:55",1769204995,"spasic","4900010115FBEE5FFAEC736900000000",
141522,3898588,"2026-01-23 21:50:25",1769205025,"spasic","07000D0020000000D335D33573362036",
141548,3898629,"2026-01-23 21:51:06",1769205066,"spasic","4900010165FBEE5F4AED736900000000",
141575,3898669,"2026-01-23 21:51:46",1769205106,"spasic","07000D0020000000D335D33573362036",
141601,3898710,"2026-01-23 21:52:27",1769205147,"spasic","49000101B5FBEE5F9AED736900000000",
141627,3898750,"2026-01-23 21:53:07",1769205187,"spasic","07000D0020000000D335D33573362036",
141654,3898791,"2026-01-23 21:53:48",1769205228,"spasic","4900010105FCEE5FEAED736900000000",
141680,3898831,"2026-01-23 21:54:28",1769205268,"spasic","07000D0020000000D335D33573362036",
141706,3898872,"2026-01-23 21:55:09",1769205309,"spasic","4900010155FCEE5F3AEE736900000000",
141733,3898912,"2026-01-23 21:55:49",1769205349,"spasic","07000D0020000000D335D33573362036",
141759,3898953,"2026-01-23 21:56:30",1769205390,"spasic","49000101A5FCEE5F8AEE736900000000",
141785,3898993,"2026-01-23 21:57:10",1769205430,"spasic","07000D0020000000D335D33573362036",
141812,3899034,"2026-01-23 21:57:51",1769205471,"spasic","49000101F5FCEE5FDAEE736900000000",
141838,3899074,"2026-01-23 21:58:31",1769205511,"spasic","07000D0020000000D335D33573362036",
141865,3899115,"2026-01-23 21:59:12",1769205552,"spasic","4900010145FDEE5F2AEF736900000000",
141891,3899155,"2026-01-23 21:59:52",1769205592,"spasic","07000D0020000000D335D33573362036",
141917,3899196,"2026-01-23 22:00:33",1769205633,"spasic","4900010195FDEE5F7AEF736900000000",
141944,3899237,"2026-01-23 22:01:14",1769205674,"spasic","07000D0020000000D335D33573362036",
141970,3899277,"2026-01-23 22:01:54",1769205714,"spasic","49000101E5FDEE5FCAEF736900000000",
141995,3899318,"2026-01-23 22:02:35",1769205755,"spasic","07000D0020000000D335D33573362036",
142022,3899358,"2026-01-23 22:03:15",1769205795,"spasic","4900010135FEEE5F1AF0736900000000",
142042,3899388,"2026-01-23 22:03:45",1769205825,"spasic","07000D0020000000D335D33573362036",
142068,3899429,"2026-01-23 22:04:26",1769205866,"spasic","4900010185FEEE5F6AF0736900000000",
142094,3899470,"2026-01-23 22:05:07",1769205907,"spasic","07000D0020000000D335D33573362036",
142121,3899510,"2026-01-23 22:05:47",1769205947,"spasic","49000101D5FEEE5FBAF0736900000000",
142147,3899551,"2026-01-23 22:06:28",1769205988,"spasic","07000D0020000000D335D33573362036",
142173,3899591,"2026-01-23 22:07:08",1769206028,"spasic","4900010125FFEE5F0AF1736900000000",
142200,3899632,"2026-01-23 22:07:49",1769206069,"spasic","07000D0020000000D335D33573362036",
142226,3899672,"2026-01-23 22:08:29",1769206109,"spasic","4900010175FFEE5F5AF1736900000000",
142252,3899713,"2026-01-23 22:09:10",1769206150,"spasic","07000D0020000000D335D33573362036",
142279,3899753,"2026-01-23 22:09:50",1769206190,"spasic","49000101C5FFEE5FAAF1736900000000",
142305,3899794,"2026-01-23 22:10:31",1769206231,"spasic","07000D0020000000D335D33573362036",
142332,3899834,"2026-01-23 22:11:11",1769206271,"spasic","490001011500EF5FF9F1736900000000",
142358,3899875,"2026-01-23 22:11:52",1769206312,"spasic","07000D0020000000D335D33573362036",
142384,3899915,"2026-01-23 22:12:32",1769206352,"spasic","490001016500EF5F49F2736900000000",
142411,3899956,"2026-01-23 22:13:13",1769206393,"spasic","07000D0020000000D335D33573362036",
142437,3899996,"2026-01-23 22:13:53",1769206433,"spasic","49000101B500EF5F9AF2736900000000",
142463,3900037,"2026-01-23 22:14:34",1769206474,"spasic","07000D0020000000D335D33573362036",
142490,3900077,"2026-01-23 22:15:14",1769206514,"spasic","490001010501EF5FEAF2736900000000",
142516,3900118,"2026-01-23 22:15:55",1769206555,"spasic","07000D0020000000D335D33573362036",
142536,3900148,"2026-01-23 22:16:25",1769206585,"spasic","490001015501EF5F39F3736900000000",
142562,3900189,"2026-01-23 22:17:06",1769206626,"spasic","07000D0020000000D335D33573362036",
142589,3900229,"2026-01-23 22:17:46",1769206666,"spasic","49000101A501EF5F89F3736900000000",
142615,3900270,"2026-01-23 22:18:27",1769206707,"spasic","07000D0020000000D335D33573362036",
142641,3900310,"2026-01-23 22:19:07",1769206747,"spasic","49000101F501EF5FD9F3736900000000",
142668,3900351,"2026-01-23 22:19:48",1769206788,"spasic","07000D0020000000D335D33573362036",
142694,3900391,"2026-01-23 22:20:28",1769206828,"spasic","490001014502EF5F29F4736900000000",
142721,3900432,"2026-01-23 22:21:09",1769206869,"spasic","07000D0020000000D335D33573362036",
142747,3900472,"2026-01-23 22:21:49",1769206909,"spasic","490001019502EF5F79F4736900000000",
142772,3900513,"2026-01-23 22:22:30",1769206950,"spasic","07000D0020000000D335D33573362036",
142799,3900553,"2026-01-23 22:23:10",1769206990,"spasic","49000101E502EF5FC9F4736900000000",
142825,3900594,"2026-01-23 22:23:51",1769207031,"spasic","07000D0020000000D335D33573362036",
142851,3900634,"2026-01-23 22:24:31",1769207071,"spasic","490001013503EF5F19F5736900000000",
142878,3900675,"2026-01-23 22:25:12",1769207112,"spasic","07000D0020000000D335D33573362036",
142904,3900715,"2026-01-23 22:25:52",1769207152,"spasic","490001018503EF5F69F5736900000000",
142930,3900756,"2026-01-23 22:26:33",1769207193,"spasic","07000D0020000000D335D33573362036",
142957,3900796,"2026-01-23 22:27:13",1769207233,"spasic","49000101D503EF5FB8F5736900000000",
142983,3900837,"2026-01-23 22:27:54",1769207274,"spasic","07000D0020000000D335D33573362036",
143009,3900877,"2026-01-23 22:28:34",1769207314,"spasic","490001012504EF5F09F6736900000000",
143036,3900918,"2026-01-23 22:29:15",1769207355,"spasic","07000D0020000000D335D33573362036",
143056,3900948,"2026-01-23 22:29:45",1769207385,"spasic","490001017504EF5F59F6736900000000",
143082,3900989,"2026-01-23 22:30:26",1769207426,"spasic","07000D0020000000D335D33573362036",
143109,3901029,"2026-01-23 22:31:06",1769207466,"spasic","49000101C504EF5FA9F6736900000000",
143135,3901070,"2026-01-23 22:31:47",1769207507,"spasic","07000D0020000000D335D33573362036",
143161,3901110,"2026-01-23 22:32:27",1769207547,"spasic","490001011505EF5FF9F6736900000000",
143188,3901151,"2026-01-23 22:33:08",1769207588,"spasic","07000D0020000000D335D33573362036",
143214,3901192,"2026-01-23 22:33:49",1769207629,"spasic","490001016505EF5F49F7736900000000",
143240,3901232,"2026-01-23 22:34:29",1769207669,"spasic","07000D0020000000D335D33573362036",
143267,3901273,"2026-01-23 22:35:10",1769207710,"spasic","49000101B505EF5F99F7736900000000",
143293,3901313,"2026-01-23 22:35:50",1769207750,"spasic","07000D0020000000D335D33573362036",
143319,3901354,"2026-01-23 22:36:31",1769207791,"spasic","490001010506EF5FE9F7736900000000",
143346,3901394,"2026-01-23 22:37:11",1769207831,"spasic","07000D0020000000D335D33573362036",
143372,3901435,"2026-01-23 22:37:52",1769207872,"spasic","490001015506EF5F3AF8736900000000",
143398,3901475,"2026-01-23 22:38:32",1769207912,"spasic","07000D0020000000D335D33573362036",
143425,3901516,"2026-01-23 22:39:13",1769207953,"spasic","49000101A506EF5F8AF8736900000000",
143452,3901556,"2026-01-23 22:39:53",1769207993,"spasic","07000D0020000000D335D33573362036",
143477,3901597,"2026-01-23 22:40:34",1769208034,"spasic","49000101F506EF5FD9F8736900000000",
143505,3901637,"2026-01-23 22:41:14",1769208074,"spasic","07000D0020000000D335D33573362036",
143531,3901678,"2026-01-23 22:41:55",1769208115,"spasic","490001014507EF5F29F9736900000000",
143550,3901708,"2026-01-23 22:42:25",1769208145,"spasic","07000D0020000000D335D33573362036",
143576,3901749,"2026-01-23 22:43:06",1769208186,"spasic","490001019507EF5F7AF9736900000000",
143602,3901789,"2026-01-23 22:43:46",1769208226,"spasic","07000D0020000000D335D33573362036",
143628,3901830,"2026-01-23 22:44:27",1769208267,"spasic","49000101E507EF5FCAF9736900000000",
143655,3901870,"2026-01-23 22:45:07",1769208307,"spasic","07000D0020000000D335D33573362036",
143681,3901911,"2026-01-23 22:45:48",1769208348,"spasic","490001013508EF5F1AFA736900000000",
143707,3901951,"2026-01-23 22:46:28",1769208388,"spasic","07000D0020000000D335D33573362036",
143733,3901992,"2026-01-23 22:47:09",1769208429,"spasic","490001018508EF5F6AFA736900000000",
143759,3902032,"2026-01-23 22:47:49",1769208469,"spasic","07000D0020000000D335D33573362036",
143785,3902073,"2026-01-23 22:48:30",1769208510,"spasic","49000101D508EF5FBAFA736900000000",
143812,3902113,"2026-01-23 22:49:10",1769208550,"spasic","07000D0020000000D335D33573362036",
143838,3902154,"2026-01-23 22:49:51",1769208591,"spasic","490001012509EF5F0AFB736900000000",
143864,3902194,"2026-01-23 22:50:31",1769208631,"spasic","07000D0020000000D335D33573362036",
143892,3902235,"2026-01-23 22:51:12",1769208672,"spasic","490001017509EF5F5AFB736900000000",
143918,3902275,"2026-01-23 22:51:52",1769208712,"spasic","07000D0020000000D335D33573362036",
143943,3902316,"2026-01-23 22:52:33",1769208753,"spasic","49000101C509EF5FAAFB736900000000",
143971,3902356,"2026-01-23 22:53:13",1769208793,"spasic","07000D0020000000D335D33573362036",
143997,3902397,"2026-01-23 22:53:54",1769208834,"spasic","49000101150AEF5FFAFB736900000000",
144022,3902437,"2026-01-23 22:54:34",1769208874,"spasic","07000D0020000000D335D33573362036",
144050,3902478,"2026-01-23 22:55:15",1769208915,"spasic","49000101650AEF5F4AFC736900000000",
144069,3902508,"2026-01-23 22:55:45",1769208945,"spasic","07000D0020000000D335D33573362036",
144095,3902549,"2026-01-23 22:56:26",1769208986,"spasic","49000101B50AEF5F9AFC736900000000",
144122,3902589,"2026-01-23 22:57:06",1769209026,"spasic","07000D0020000000D335D33573362036",
144148,3902630,"2026-01-23 22:57:47",1769209067,"spasic","49000101050BEF5FEAFC736900000000",
144174,3902670,"2026-01-23 22:58:27",1769209107,"spasic","07000D0020000000D335D33573362036",
144201,3902711,"2026-01-23 22:59:08",1769209148,"spasic","49000101550BEF5F3AFD736900000000",
144227,3902751,"2026-01-23 22:59:48",1769209188,"spasic","07000D0020000000D335D33573362036",
144253,3902792,"2026-01-23 23:00:29",1769209229,"spasic","49000101A50BEF5F8AFD736900000000",
144280,3902832,"2026-01-23 23:01:09",1769209269,"spasic","07000D0020000000D335D33573362036",
144307,3902873,"2026-01-23 23:01:50",1769209310,"spasic","49000101F50BEF5FDAFD736900000000",
144330,3902913,"2026-01-23 23:02:30",1769209350,"spasic","07000D0020000000D335D33573362036",
144358,3902954,"2026-01-23 23:03:11",1769209391,"spasic","49000101450CEF5F2AFE736900000000",
144384,3902995,"2026-01-23 23:03:52",1769209432,"spasic","07000D0020000000D335D33573362036",
144409,3903035,"2026-01-23 23:04:32",1769209472,"spasic","49000101950CEF5F7AFE736900000000",
144437,3903076,"2026-01-23 23:05:13",1769209513,"spasic","07000D0020000000D335D33573362036",
144463,3903116,"2026-01-23 23:05:53",1769209553,"spasic","49000101E50CEF5FCAFE736900000000",
144488,3903157,"2026-01-23 23:06:34",1769209594,"spasic","07000D0020000000D335D33573362036",
144516,3903197,"2026-01-23 23:07:14",1769209634,"spasic","49000101350DEF5F1AFF736900000000",
144542,3903238,"2026-01-23 23:07:55",1769209675,"spasic","07000D0020000000D335D33573362036",
144567,3903278,"2026-01-23 23:08:35",1769209715,"spasic","49000101850DEF5F6AFF736900000000",
144588,3903309,"2026-01-23 23:09:06",1769209746,"spasic","07000D0020000000D335D33573362036",
144614,3903349,"2026-01-23 23:09:46",1769209786,"spasic","49000101D50DEF5FB9FF736900000000",
144640,3903390,"2026-01-23 23:10:27",1769209827,"spasic","07000D0020000000D335D33573362036",
144667,3903430,"2026-01-23 23:11:07",1769209867,"spasic","49000101250EEF5F0A00746900000000",
144694,3903471,"2026-01-23 23:11:48",1769209908,"spasic","07000D0020000000D335D33573362036",
144719,3903511,"2026-01-23 23:12:28",1769209948,"spasic","49000101750EEF5F5900746900000000",
144747,3903552,"2026-01-23 23:13:09",1769209989,"spasic","07000D0020000000D335D33573362036",
144773,3903592,"2026-01-23 23:13:49",1769210029,"spasic","49000101C50EEF5FA900746900000000",
144798,3903633,"2026-01-23 23:14:30",1769210070,"spasic","07000D0020000000D335D33573362036",
144826,3903673,"2026-01-23 23:15:10",1769210110,"spasic","49000101150FEF5FF900746900000000",
144852,3903714,"2026-01-23 23:15:51",1769210151,"spasic","07000D0020000000D335D33573362036",
144877,3903754,"2026-01-23 23:16:31",1769210191,"spasic","49000101650FEF5F4801746900000000",
144905,3903795,"2026-01-23 23:17:12",1769210232,"spasic","07000D0020000000D335D33573362036",
144931,3903835,"2026-01-23 23:17:52",1769210272,"spasic","49000101B50FEF5F9901746900000000",
144956,3903876,"2026-01-23 23:18:33",1769210313,"spasic","07000D0020000000D335D33573362036",
144984,3903916,"2026-01-23 23:19:13",1769210353,"spasic","490001010510EF5FE901746900000000",
145009,3903957,"2026-01-23 23:19:54",1769210394,"spasic","07000D0020000000D335D33573362036",
145033,3903997,"2026-01-23 23:20:34",1769210434,"spasic","490001015510EF5F3902746900000000",
145059,3904038,"2026-01-23 23:21:15",1769210475,"spasic","07000D0020000000D335D33573362036",
145076,3904068,"2026-01-23 23:21:45",1769210505,"spasic","49000101A510EF5F8902746900000000",
145098,3904109,"2026-01-23 23:22:26",1769210546,"spasic","07000D0020000000D335D33573362036",
145125,3904149,"2026-01-23 23:23:06",1769210586,"spasic","49000101F510EF5FD902746900000000",
145151,3904190,"2026-01-23 23:23:47",1769210627,"spasic","07000D0020000000D335D33573362036",
145176,3904230,"2026-01-23 23:24:27",1769210667,"spasic","490001014511EF5F2903746900000000",
145204,3904271,"2026-01-23 23:25:08",1769210708,"spasic","07000D0020000000D335D33573362036",
145230,3904311,"2026-01-23 23:25:48",1769210748,"spasic","490001019511EF5F7903746900000000",
145255,3904352,"2026-01-23 23:26:29",1769210789,"spasic","07000D0020000000D335D33573362036",
145283,3904392,"2026-01-23 23:27:09",1769210829,"spasic","49000101E511EF5FC903746900000000",
145309,3904433,"2026-01-23 23:27:50",1769210870,"spasic","07000D0020000000D335D33573362036",
145334,3904473,"2026-01-23 23:28:30",1769210910,"spasic","490001013512EF5F1904746900000000",
145362,3904514,"2026-01-23 23:29:11",1769210951,"spasic","07000D0020000000D335D33573362036",
145388,3904554,"2026-01-23 23:29:51",1769210991,"spasic","490001018512EF5F6904746900000000",
145413,3904595,"2026-01-23 23:30:32",1769211032,"spasic","07000D0020000000D335D33573362036",
145441,3904635,"2026-01-23 23:31:12",1769211072,"spasic","49000101D512EF5FB804746900000000",
145467,3904676,"2026-01-23 23:31:53",1769211113,"spasic","07000D0020000000D335D33573362036",
145492,3904716,"2026-01-23 23:32:33",1769211153,"spasic","490001012513EF5F0905746900000000",
145520,3904757,"2026-01-23 23:33:14",1769211194,"spasic","07000D0020000000D335D33573362036",
145546,3904798,"2026-01-23 23:33:55",1769211235,"spasic","490001017513EF5F5905746900000000",
145571,3904838,"2026-01-23 23:34:35",1769211275,"spasic","07000D0020000000D335D33573362036",
145593,3904868,"2026-01-23 23:35:05",1769211305,"spasic","49000101C513EF5FA905746900000000",
145619,3904909,"2026-01-23 23:35:46",1769211346,"spasic","07000D0020000000D335D33573362036",
145644,3904949,"2026-01-23 23:36:26",1769211386,"spasic","490001011514EF5FF905746900000000",
145672,3904990,"2026-01-23 23:37:07",1769211427,"spasic","07000D0020000000D335D33573362036",
145698,3905031,"2026-01-23 23:37:48",1769211468,"spasic","490001016514EF5F4806746900000000",
145723,3905071,"2026-01-23 23:38:28",1769211508,"spasic","07000D0020000000D335D33573362036",
145751,3905112,"2026-01-23 23:39:09",1769211549,"spasic","49000101B514EF5F9906746900000000",
145777,3905152,"2026-01-23 23:39:49",1769211589,"spasic","07000D0020000000D335D33573362036",
145802,3905193,"2026-01-23 23:40:30",1769211630,"spasic","490001010515EF5FE906746900000000",
145830,3905233,"2026-01-23 23:41:10",1769211670,"spasic","07000D0020000000D335D33573362036",
145856,3905274,"2026-01-23 23:41:51",1769211711,"spasic","490001015515EF5F3A07746900000000",
145880,3905314,"2026-01-23 23:42:31",1769211751,"spasic","07000D0020000000D335D33573362036",
145908,3905355,"2026-01-23 23:43:12",1769211792,"spasic","49000101A515EF5F8A07746900000000",
145934,3905395,"2026-01-23 23:43:52",1769211832,"spasic","07000D0020000000D335D33573362036",
145959,3905436,"2026-01-23 23:44:33",1769211873,"spasic","49000101F515EF5FD907746900000000",
145987,3905476,"2026-01-23 23:45:13",1769211913,"spasic","07000D0020000000D335D33573362036",
146013,3905517,"2026-01-23 23:45:54",1769211954,"spasic","490001014516EF5F2908746900000000",
146038,3905557,"2026-01-23 23:46:34",1769211994,"spasic","07000D0020000000D335D33573362036",
146066,3905598,"2026-01-23 23:47:15",1769212035,"spasic","490001019516EF5F7A08746900000000",
146086,3905628,"2026-01-23 23:47:45",1769212065,"spasic","07000D0020000000D335D33573362036",
146111,3905669,"2026-01-23 23:48:26",1769212106,"spasic","49000101E516EF5FCA08746900000000",
146139,3905709,"2026-01-23 23:49:06",1769212146,"spasic","07000D0020000000D335D33573362036",
146165,3905750,"2026-01-23 23:49:47",1769212187,"spasic","490001013517EF5F1A09746900000000",
146190,3905790,"2026-01-23 23:50:27",1769212227,"spasic","07000D0020000000D335D33573362036",
146218,3905831,"2026-01-23 23:51:08",1769212268,"spasic","490001018517EF5F6A09746900000000",
146244,3905871,"2026-01-23 23:51:48",1769212308,"spasic","07000D0020000000D335D33573362036",
146269,3905912,"2026-01-23 23:52:29",1769212349,"spasic","49000101D517EF5FB909746900000000",
146297,3905952,"2026-01-23 23:53:09",1769212389,"spasic","07000D0020000000D335D33573362036",
146323,3905993,"2026-01-23 23:53:50",1769212430,"spasic","490001012518EF5F0A0A746900000000",
146348,3906033,"2026-01-23 23:54:30",1769212470,"spasic","07000D0020000000D335D33573362036",
146376,3906074,"2026-01-23 23:55:11",1769212511,"spasic","490001017518EF5F5A0A746900000000",
146402,3906114,"2026-01-23 23:55:51",1769212551,"spasic","07000D0020000000D335D33573362036",
146427,3906155,"2026-01-23 23:56:32",1769212592,"spasic","49000101C518EF5FAA0A746900000000",
146455,3906195,"2026-01-23 23:57:12",1769212632,"spasic","07000D0020000000D335D33573362036",
146481,3906236,"2026-01-23 23:57:53",1769212673,"spasic","490001011519EF5FFA0A746900000000",
146506,3906276,"2026-01-23 23:58:33",1769212713,"spasic","07000D0020000000D335D33573362036",
146534,3906317,"2026-01-23 23:59:14",1769212754,"spasic","490001016519EF5F490B746900000000",
146560,3906357,"2026-01-23 23:59:54",1769212794,"spasic","07000D0020000000D335D33573362036",
146585,3906398,"2026-01-24 00:00:35",1769212835,"spasic","49000101B519EF5F9A0B746900000000",
146607,3906428,"2026-01-24 00:01:05",1769212865,"spasic","07000D0020000000D335D33573362036",
146633,3906469,"2026-01-24 00:01:46",1769212906,"spasic","49000101051AEF5FEA0B746900000000",
146658,3906509,"2026-01-24 00:02:26",1769212946,"spasic","07000D0020000000D335D33573362036",
146686,3906550,"2026-01-24 00:03:07",1769212987,"spasic","49000101551AEF5F3A0C746900000000",
146712,3906590,"2026-01-24 00:03:47",1769213027,"spasic","07000D0020000000D335D33573362036",
146737,3906631,"2026-01-24 00:04:28",1769213068,"spasic","49000101A51AEF5F8A0C746900000000",
146765,3906671,"2026-01-24 00:05:08",1769213108,"spasic","07000D0020000000D335D33573362036",
146791,3906712,"2026-01-24 00:05:49",1769213149,"spasic","49000101F51AEF5FD90C746900000000",
146816,3906753,"2026-01-24 00:06:30",1769213190,"spasic","07000D0020000000D335D33573362036",
146844,3906793,"2026-01-24 00:07:10",1769213230,"spasic","49000101451BEF5F280D746900000000",
146870,3906834,"2026-01-24 00:07:51",1769213271,"spasic","07000D0020000000D335D33573362036",
146895,3906874,"2026-01-24 00:08:31",1769213311,"spasic","49000101951BEF5F790D746900000000",
146923,3906915,"2026-01-24 00:09:12",1769213352,"spasic","07000D0020000000D335D33573362036",
146949,3906955,"2026-01-24 00:09:52",1769213392,"spasic","49000101E51BEF5FC90D746900000000",
146974,3906996,"2026-01-24 00:10:33",1769213433,"spasic","07000D0020000000D335D33573362036",
147001,3907036,"2026-01-24 00:11:13",1769213473,"spasic","49000101351CEF5F1A0E746900000000",
147027,3907077,"2026-01-24 00:11:54",1769213514,"spasic","07000D0020000000D335D33573362036",
147052,3907117,"2026-01-24 00:12:34",1769213554,"spasic","49000101851CEF5F690E746900000000",
147080,3907158,"2026-01-24 00:13:15",1769213595,"spasic","07000D0020000000D335D33573362036",
147100,3907188,"2026-01-24 00:13:45",1769213625,"spasic","49000101D51CEF5FB80E746900000000",
147125,3907229,"2026-01-24 00:14:26",1769213666,"spasic","07000D0020000000D335D33573362036",
147153,3907269,"2026-01-24 00:15:06",1769213706,"spasic","49000101251DEF5F090F746900000000",
147179,3907310,"2026-01-24 00:15:47",1769213747,"spasic","07000D0020000000D335D33573362036",
147204,3907350,"2026-01-24 00:16:27",1769213787,"spasic","49000101751DEF5F590F746900000000",
147232,3907391,"2026-01-24 00:17:08",1769213828,"spasic","07000D0020000000D335D33573362036",
147258,3907431,"2026-01-24 00:17:48",1769213868,"spasic","49000101C51DEF5FA90F746900000000",
147283,3907472,"2026-01-24 00:18:29",1769213909,"spasic","07000D0020000000D335D33573362036",
147311,3907512,"2026-01-24 00:19:09",1769213949,"spasic","49000101151EEF5FF90F746900000000",
147337,3907553,"2026-01-24 00:19:50",1769213990,"spasic","07000D0020000000D335D33573362036",
147362,3907593,"2026-01-24 00:20:30",1769214030,"spasic","49000101651EEF5F4810746900000000",
147390,3907634,"2026-01-24 00:21:11",1769214071,"spasic","07000D0020000000D335D33573362036",
147416,3907674,"2026-01-24 00:21:51",1769214111,"spasic","49000101B51EEF5F9910746900000000",
147441,3907715,"2026-01-24 00:22:32",1769214152,"spasic","07000D0020000000D335D33573362036",
147469,3907755,"2026-01-24 00:23:12",1769214192,"spasic","49000101051FEF5FE910746900000000",
147495,3907796,"2026-01-24 00:23:53",1769214233,"spasic","07000D0020000000D335D33573362036",
147520,3907836,"2026-01-24 00:24:33",1769214273,"spasic","49000101551FEF5F3911746900000000",
147548,3907877,"2026-01-24 00:25:14",1769214314,"spasic","07000D0020000000D335D33573362036",
147574,3907917,"2026-01-24 00:25:54",1769214354,"spasic","49000101A51FEF5F8911746900000000",
147600,3907958,"2026-01-24 00:26:35",1769214395,"spasic","07000D0020000000D335D33573362036",
147621,3907988,"2026-01-24 00:27:05",1769214425,"spasic","49000101F51FEF5FD911746900000000",
147647,3908029,"2026-01-24 00:27:46",1769214466,"spasic","07000D0020000000D335D33573362036",
147672,3908069,"2026-01-24 00:28:26",1769214506,"spasic","490001014520EF5F2912746900000000",
147700,3908110,"2026-01-24 00:29:07",1769214547,"spasic","07000D0020000000D335D33573362036",
147726,3908150,"2026-01-24 00:29:47",1769214587,"spasic","490001019520EF5F7912746900000000",
147751,3908191,"2026-01-24 00:30:28",1769214628,"spasic","07000D0020000000D335D33573362036",
147779,3908231,"2026-01-24 00:31:08",1769214668,"spasic","49000101E520EF5FC912746900000000",
147805,3908272,"2026-01-24 00:31:49",1769214709,"spasic","07000D0020000000D335D33573362036",
147830,3908312,"2026-01-24 00:32:29",1769214749,"spasic","490001013521EF5F1913746900000000",
147858,3908353,"2026-01-24 00:33:10",1769214790,"spasic","07000D0020000000D335D33573362036",
147884,3908393,"2026-01-24 00:33:50",1769214830,"spasic","490001018521EF5F6913746900000000",
147909,3908434,"2026-01-24 00:34:31",1769214871,"spasic","07000D0020000000D335D33573362036",
147937,3908475,"2026-01-24 00:35:12",1769214912,"spasic","49000101D521EF5FB813746900000000",
147963,3908515,"2026-01-24 00:35:52",1769214952,"spasic","07000D0020000000D335D33573362036",
147989,3908556,"2026-01-24 00:36:33",1769214993,"spasic","490001012522EF5F0914746900000000",
148016,3908596,"2026-01-24 00:37:13",1769215033,"spasic","07000D0020000000D335D33573362036",
148042,3908637,"2026-01-24 00:37:54",1769215074,"spasic","490001017522EF5F5914746900000000",
148068,3908677,"2026-01-24 00:38:34",1769215114,"spasic","07000D0020000000D335D33573362036",
148095,3908718,"2026-01-24 00:39:15",1769215155,"spasic","49000101C522EF5FA914746900000000",
148115,3908748,"2026-01-24 00:39:45",1769215185,"spasic","07000D0020000000D335D33573362036",
148140,3908789,"2026-01-24 00:40:26",1769215226,"spasic","490001011523EF5FF914746900000000",
148168,3908829,"2026-01-24 00:41:06",1769215266,"spasic","07000D0020000000D335D33573362036",
148194,3908870,"2026-01-24 00:41:47",1769215307,"spasic","490001016523EF5F4815746900000000",
148219,3908910,"2026-01-24 00:42:27",1769215347,"spasic","07000D0020000000D335D33573362036",
148247,3908951,"2026-01-24 00:43:08",1769215388,"spasic","49000101B523EF5F9915746900000000",
148273,3908991,"2026-01-24 00:43:48",1769215428,"spasic","07000D0020000000D335D33573362036",
148298,3909032,"2026-01-24 00:44:29",1769215469,"spasic","490001010524EF5FEA15746900000000",
148326,3909072,"2026-01-24 00:45:09",1769215509,"spasic","07000D0020000000D335D33573362036",
148352,3909113,"2026-01-24 00:45:50",1769215550,"spasic","490001015524EF5F3A16746900000000",
148378,3909153,"2026-01-24 00:46:30",1769215590,"spasic","07000D0020000000D335D33573362036",
148405,3909194,"2026-01-24 00:47:11",1769215631,"spasic","49000101A524EF5F8A16746900000000",
148431,3909234,"2026-01-24 00:47:51",1769215671,"spasic","07000D0020000000D335D33573362036",
148457,3909275,"2026-01-24 00:48:32",1769215712,"spasic","49000101F524EF5FD916746900000000",
148484,3909315,"2026-01-24 00:49:12",1769215752,"spasic","07000D0020000000D335D33573362036",
148510,3909356,"2026-01-24 00:49:53",1769215793,"spasic","490001014525EF5F2917746900000000",
148536,3909396,"2026-01-24 00:50:33",1769215833,"spasic","07000D0020000000D335D33573362036",
148563,3909437,"2026-01-24 00:51:14",1769215874,"spasic","490001019525EF5F7A17746900000000",
148589,3909477,"2026-01-24 00:51:54",1769215914,"spasic","07000D0020000000D335D33573362036",
148615,3909518,"2026-01-24 00:52:35",1769215955,"spasic","49000101E525EF5FCA17746900000000",
148636,3909548,"2026-01-24 00:53:05",1769215985,"spasic","07000D0020000000D335D33573362036",
148662,3909589,"2026-01-24 00:53:46",1769216026,"spasic","490001013526EF5F1A18746900000000",
148687,3909629,"2026-01-24 00:54:26",1769216066,"spasic","07000D0020000000D335D33573362036",
148715,3909670,"2026-01-24 00:55:07",1769216107,"spasic","490001018526EF5F6A18746900000000",
148741,3909710,"2026-01-24 00:55:47",1769216147,"spasic","07000D0020000000D335D33573362036",
148767,3909751,"2026-01-24 00:56:28",1769216188,"spasic","49000101D526EF5FB918746900000000",
148794,3909791,"2026-01-24 00:57:08",1769216228,"spasic","07000D0020000000D335D33573362036",
148820,3909832,"2026-01-24 00:57:49",1769216269,"spasic","490001012527EF5F0A19746900000000",
148846,3909872,"2026-01-24 00:58:29",1769216309,"spasic","07000D0020000000D335D33573362036",
148873,3909913,"2026-01-24 00:59:10",1769216350,"spasic","490001017527EF5F5A19746900000000",
148899,3909953,"2026-01-24 00:59:50",1769216390,"spasic","07000D0020000000D335D33573362036",
148925,3909994,"2026-01-24 01:00:31",1769216431,"spasic","49000101C527EF5FAA19746900000000",
148952,3910034,"2026-01-24 01:01:11",1769216471,"spasic","07000D0020000000D335D33573362036",
148978,3910075,"2026-01-24 01:01:52",1769216512,"spasic","490001011528EF5FFA19746900000000",
149004,3910115,"2026-01-24 01:02:32",1769216552,"spasic","07000D0020000000D335D33573362036",
149031,3910156,"2026-01-24 01:03:13",1769216593,"spasic","490001016528EF5F491A746900000000",
149057,3910197,"2026-01-24 01:03:54",1769216634,"spasic","07000D0020000000D335D33573362036",
149083,3910237,"2026-01-24 01:04:34",1769216674,"spasic","49000101B528EF5F991A746900000000",
149110,3910278,"2026-01-24 01:05:15",1769216715,"spasic","07000D0020000000D335D33573362036",
149130,3910308,"2026-01-24 01:05:45",1769216745,"spasic","490001010529EF5FEA1A746900000000",
149155,3910348,"2026-01-24 01:06:25",1769216785,"spasic","07000D0020000000D335D33573362036",
149183,3910389,"2026-01-24 01:07:06",1769216826,"spasic","490001015529EF5F391B746900000000",
149209,3910430,"2026-01-24 01:07:47",1769216867,"spasic","07000D0020000000D335D33573362036",
149235,3910470,"2026-01-24 01:08:27",1769216907,"spasic","49000101A529EF5F891B746900000000",
149262,3910511,"2026-01-24 01:09:08",1769216948,"spasic","07000D0020000000D335D33573362036",
149288,3910551,"2026-01-24 01:09:48",1769216988,"spasic","49000101F529EF5FD81B746900000000",
149314,3910592,"2026-01-24 01:10:29",1769217029,"spasic","07000D0020000000D335D33573362036",
149341,3910632,"2026-01-24 01:11:09",1769217069,"spasic","49000101452AEF5F281C746900000000",
149367,3910673,"2026-01-24 01:11:50",1769217110,"spasic","07000D0020000000D335D33573362036",
149393,3910713,"2026-01-24 01:12:30",1769217150,"spasic","49000101952AEF5F791C746900000000",
149420,3910754,"2026-01-24 01:13:11",1769217191,"spasic","07000D0020000000D335D33573362036",
149446,3910794,"2026-01-24 01:13:51",1769217231,"spasic","49000101E52AEF5FC91C746900000000",
149472,3910835,"2026-01-24 01:14:32",1769217272,"spasic","07000D0020000000D335D33573362036",
149499,3910875,"2026-01-24 01:15:12",1769217312,"spasic","49000101352BEF5F191D746900000000",
149525,3910916,"2026-01-24 01:15:53",1769217353,"spasic","07000D0020000000D335D33573362036",
149551,3910956,"2026-01-24 01:16:33",1769217393,"spasic","49000101852BEF5F691D746900000000",
149578,3910997,"2026-01-24 01:17:14",1769217434,"spasic","07000D0020000000D335D33573362036",
149604,3911037,"2026-01-24 01:17:54",1769217474,"spasic","49000101D52BEF5FB81D746900000000",
149631,3911078,"2026-01-24 01:18:35",1769217515,"spasic","07000D0020000000D335D33573362036",
149651,3911108,"2026-01-24 01:19:05",1769217545,"spasic","49000101252CEF5F091E746900000000",
149677,3911149,"2026-01-24 01:19:46",1769217586,"spasic","07000D0020000000D335D33573362036",
149703,3911189,"2026-01-24 01:20:26",1769217626,"spasic","49000101752CEF5F591E746900000000",
149730,3911230,"2026-01-24 01:21:07",1769217667,"spasic","07000D0020000000D335D33573362036",
149756,3911270,"2026-01-24 01:21:47",1769217707,"spasic","49000101C52CEF5FA91E746900000000",
149782,3911311,"2026-01-24 01:22:28",1769217748,"spasic","07000D0020000000D335D33573362036",
149809,3911351,"2026-01-24 01:23:08",1769217788,"spasic","49000101152DEF5FF91E746900000000",
149835,3911392,"2026-01-24 01:23:49",1769217829,"spasic","07000D0020000000D335D33573362036",
149861,3911432,"2026-01-24 01:24:29",1769217869,"spasic","49000101652DEF5F481F746900000000",
149888,3911473,"2026-01-24 01:25:10",1769217910,"spasic","07000D0020000000D335D33573362036",
149914,3911513,"2026-01-24 01:25:50",1769217950,"spasic","49000101B52DEF5F991F746900000000",
149940,3911554,"2026-01-24 01:26:31",1769217991,"spasic","07000D0020000000D335D33573362036",
149967,3911594,"2026-01-24 01:27:11",1769218031,"spasic","49000101052EEF5FE91F746900000000",
149993,3911635,"2026-01-24 01:27:52",1769218072,"spasic","07000D0020000000D335D33573362036",
150019,3911675,"2026-01-24 01:28:32",1769218112,"spasic","49000101552EEF5F3920746900000000",
150046,3911716,"2026-01-24 01:29:13",1769218153,"spasic","07000D0020000000D335D33573362036",
150072,3911757,"2026-01-24 01:29:54",1769218194,"spasic","49000101A52EEF5F8920746900000000",
150099,3911797,"2026-01-24 01:30:34",1769218234,"spasic","07000D0020000000D335D33573362036",
150125,3911838,"2026-01-24 01:31:15",1769218275,"spasic","49000101F52EEF5FD820746900000000",
150145,3911868,"2026-01-24 01:31:45",1769218305,"spasic","07000D0020000000D335D33573362036",
150171,3911908,"2026-01-24 01:32:25",1769218345,"spasic","49000101452FEF5F2821746900000000",
150198,3911949,"2026-01-24 01:33:06",1769218386,"spasic","07000D0020000000D335D33573362036",
150224,3911990,"2026-01-24 01:33:47",1769218427,"spasic","49000101952FEF5F7921746900000000",
150250,3912030,"2026-01-24 01:34:27",1769218467,"spasic","07000D0020000000D335D33573362036",
150276,3912071,"2026-01-24 01:35:08",1769218508,"spasic","49000101E52FEF5FC921746900000000",
150302,3912111,"2026-01-24 01:35:48",1769218548,"spasic","07000D0020000000D335D33573362036",
150328,3912152,"2026-01-24 01:36:29",1769218589,"spasic","490001013530EF5F1922746900000000",
150355,3912192,"2026-01-24 01:37:09",1769218629,"spasic","07000D0020000000D335D33573362036",
150381,3912233,"2026-01-24 01:37:50",1769218670,"spasic","490001018530EF5F6922746900000000",
150407,3912273,"2026-01-24 01:38:30",1769218710,"spasic","07000D0020000000D335D33573362036",
150434,3912314,"2026-01-24 01:39:11",1769218751,"spasic","49000101D530EF5FB922746900000000",
150460,3912354,"2026-01-24 01:39:51",1769218791,"spasic","07000D0020000000D335D33573362036",
150487,3912395,"2026-01-24 01:40:32",1769218832,"spasic","490001012531EF5F0923746900000000",
150513,3912435,"2026-01-24 01:41:12",1769218872,"spasic","07000D0020000000D335D33573362036",
150539,3912476,"2026-01-24 01:41:53",1769218913,"spasic","490001017531EF5F5A23746900000000",
150566,3912516,"2026-01-24 01:42:33",1769218953,"spasic","07000D0020000000D335D33573362036",
150592,3912557,"2026-01-24 01:43:14",1769218994,"spasic","49000101C531EF5FAA23746900000000",
150618,3912597,"2026-01-24 01:43:54",1769219034,"spasic","07000D0020000000D335D33573362036",
150645,3912638,"2026-01-24 01:44:35",1769219075,"spasic","490001011532EF5FFA23746900000000",
150665,3912668,"2026-01-24 01:45:05",1769219105,"spasic","07000D0020000000D335D33573362036",
150691,3912709,"2026-01-24 01:45:46",1769219146,"spasic","490001016532EF5F4924746900000000",
150717,3912749,"2026-01-24 01:46:26",1769219186,"spasic","07000D0020000000D335D33573362036",
150744,3912790,"2026-01-24 01:47:07",1769219227,"spasic","49000101B532EF5F9924746900000000",
150770,3912830,"2026-01-24 01:47:47",1769219267,"spasic","07000D0020000000D335D33573362036",
150796,3912871,"2026-01-24 01:48:28",1769219308,"spasic","490001010533EF5FEA24746900000000",
150823,3912911,"2026-01-24 01:49:08",1769219348,"spasic","07000D0020000000D335D33573362036",
150849,3912952,"2026-01-24 01:49:49",1769219389,"spasic","490001015533EF5F3A25746900000000",
150876,3912992,"2026-01-24 01:50:29",1769219429,"spasic","07000D0020000000D335D33573362036",
150902,3913033,"2026-01-24 01:51:10",1769219470,"spasic","49000101A533EF5F8A25746900000000",
150928,3913073,"2026-01-24 01:51:50",1769219510,"spasic","07000D0020000000D335D33573362036",
150955,3913114,"2026-01-24 01:52:31",1769219551,"spasic","49000101F533EF5FDA25746900000000",
150981,3913154,"2026-01-24 01:53:11",1769219591,"spasic","07000D0020000000D335D33573362036",
151007,3913195,"2026-01-24 01:53:52",1769219632,"spasic","490001014534EF5F2926746900000000",
151034,3913235,"2026-01-24 01:54:32",1769219672,"spasic","07000D0020000000D335D33573362036",
151060,3913276,"2026-01-24 01:55:13",1769219713,"spasic","490001019534EF5F7A26746900000000",
151086,3913316,"2026-01-24 01:55:53",1769219753,"spasic","07000D0020000000D335D33573362036",
151113,3913357,"2026-01-24 01:56:34",1769219794,"spasic","49000101E534EF5FCA26746900000000",
151139,3913397,"2026-01-24 01:57:14",1769219834,"spasic","07000D0020000000D335D33573362036",
151159,3913428,"2026-01-24 01:57:45",1769219865,"spasic","490001013535EF5F1A27746900000000",
151185,3913468,"2026-01-24 01:58:25",1769219905,"spasic","07000D0020000000D335D33573362036",
151212,3913509,"2026-01-24 01:59:06",1769219946,"spasic","490001018535EF5F6A27746900000000",
151238,3913549,"2026-01-24 01:59:46",1769219986,"spasic","07000D0020000000D335D33573362036",
151265,3913590,"2026-01-24 02:00:27",1769220027,"spasic","49000101D535EF5FB827746900000000",
151291,3913630,"2026-01-24 02:01:07",1769220067,"spasic","07000D0020000000D335D33573362036",
151317,3913671,"2026-01-24 02:01:48",1769220108,"spasic","490001012536EF5F0928746900000000",
151344,3913712,"2026-01-24 02:02:29",1769220149,"spasic","07000D0020000000D335D33573362036",
151370,3913752,"2026-01-24 02:03:09",1769220189,"spasic","490001017536EF5F5928746900000000",
151396,3913793,"2026-01-24 02:03:50",1769220230,"spasic","07000D0020000000D335D33573362036",
151423,3913833,"2026-01-24 02:04:30",1769220270,"spasic","49000101C536EF5FA928746900000000",
151449,3913874,"2026-01-24 02:05:11",1769220311,"spasic","07000D0020000000D335D33573362036",
151475,3913914,"2026-01-24 02:05:51",1769220351,"spasic","490001011537EF5FF928746900000000",
151502,3913955,"2026-01-24 02:06:32",1769220392,"spasic","07000D0020000000D335D33573362036",
151528,3913995,"2026-01-24 02:07:12",1769220432,"spasic","490001016537EF5F4829746900000000",
151554,3914036,"2026-01-24 02:07:53",1769220473,"spasic","07000D0020000000D335D33573362036",
151581,3914076,"2026-01-24 02:08:33",1769220513,"spasic","49000101B537EF5F9829746900000000",
151607,3914117,"2026-01-24 02:09:14",1769220554,"spasic","07000D0020000000D335D33573362036",
151633,3914157,"2026-01-24 02:09:54",1769220594,"spasic","490001010538EF5FE929746900000000",
151661,3914198,"2026-01-24 02:10:35",1769220635,"spasic","07000D0020000000D335D33573362036",
151680,3914228,"2026-01-24 02:11:05",1769220665,"spasic","490001015538EF5F392A746900000000",
151706,3914269,"2026-01-24 02:11:46",1769220706,"spasic","07000D0020000000D335D33573362036",
151733,3914309,"2026-01-24 02:12:26",1769220746,"spasic","49000101A538EF5F892A746900000000",
151759,3914350,"2026-01-24 02:13:07",1769220787,"spasic","07000D0020000000D335D33573362036",
151785,3914390,"2026-01-24 02:13:47",1769220827,"spasic","49000101F538EF5FD82A746900000000",
151812,3914431,"2026-01-24 02:14:28",1769220868,"spasic","07000D0020000000D335D33573362036",
151838,3914471,"2026-01-24 02:15:08",1769220908,"spasic","490001014539EF5F282B746900000000",
151864,3914512,"2026-01-24 02:15:49",1769220949,"spasic","07000D0020000000D335D33573362036",
151891,3914552,"2026-01-24 02:16:29",1769220989,"spasic","490001019539EF5F782B746900000000",
151917,3914593,"2026-01-24 02:17:10",1769221030,"spasic","07000D0020000000D335D33573362036",
151943,3914633,"2026-01-24 02:17:50",1769221070,"spasic","49000101E539EF5FC92B746900000000",
151970,3914674,"2026-01-24 02:18:31",1769221111,"spasic","07000D0020000000D335D33573362036",
151996,3914714,"2026-01-24 02:19:11",1769221151,"spasic","49000101353AEF5F192C746900000000",
152022,3914755,"2026-01-24 02:19:52",1769221192,"spasic","07000D0020000000D335D33573362036",
152050,3914795,"2026-01-24 02:20:32",1769221232,"spasic","49000101853AEF5F692C746900000000",
152076,3914836,"2026-01-24 02:21:13",1769221273,"spasic","07000D0020000000D335D33573362036",
152101,3914876,"2026-01-24 02:21:53",1769221313,"spasic","49000101D53AEF5FB82C746900000000",
152129,3914917,"2026-01-24 02:22:34",1769221354,"spasic","07000D0020000000D335D33573362036",
152155,3914957,"2026-01-24 02:23:14",1769221394,"spasic","49000101253BEF5F082D746900000000",
152180,3914998,"2026-01-24 02:23:55",1769221435,"spasic","07000D0020000000D335D33573362036",
152201,3915028,"2026-01-24 02:24:25",1769221465,"spasic","49000101753BEF5F592D746900000000",
152227,3915069,"2026-01-24 02:25:06",1769221506,"spasic","07000D0020000000D335D33573362036",
152253,3915109,"2026-01-24 02:25:46",1769221546,"spasic","49000101C53BEF5FA92D746900000000",
152280,3915150,"2026-01-24 02:26:27",1769221587,"spasic","07000D0020000000D335D33573362036",
152306,3915190,"2026-01-24 02:27:07",1769221627,"spasic","49000101153CEF5FF92D746900000000",
152332,3915231,"2026-01-24 02:27:48",1769221668,"spasic","07000D0020000000D335D33573362036",
152359,3915271,"2026-01-24 02:28:28",1769221708,"spasic","49000101653CEF5F482E746900000000",
152385,3915312,"2026-01-24 02:29:09",1769221749,"spasic","07000D0020000000D335D33573362036",
152411,3915352,"2026-01-24 02:29:49",1769221789,"spasic","49000101B53CEF5F982E746900000000",
152439,3915393,"2026-01-24 02:30:30",1769221830,"spasic","07000D0020000000D335D33573362036",
152465,3915434,"2026-01-24 02:31:11",1769221871,"spasic","49000101053DEF5FE92E746900000000",
152490,3915474,"2026-01-24 02:31:51",1769221911,"spasic","07000D0020000000D335D33573362036",
152518,3915515,"2026-01-24 02:32:32",1769221952,"spasic","49000101553DEF5F392F746900000000",
152544,3915555,"2026-01-24 02:33:12",1769221992,"spasic","07000D0020000000D335D33573362036",
152569,3915596,"2026-01-24 02:33:53",1769222033,"spasic","49000101A53DEF5F892F746900000000",
152597,3915636,"2026-01-24 02:34:33",1769222073,"spasic","07000D0020000000D335D33573362036",
152623,3915677,"2026-01-24 02:35:14",1769222114,"spasic","49000101F53DEF5FD82F746900000000",
152648,3915717,"2026-01-24 02:35:54",1769222154,"spasic","07000D0020000000D335D33573362036",
152676,3915758,"2026-01-24 02:36:35",1769222195,"spasic","49000101453EEF5F2830746900000000",
152695,3915788,"2026-01-24 02:37:05",1769222225,"spasic","07000D0020000000D335D33573362036",
152721,3915829,"2026-01-24 02:37:46",1769222266,"spasic","49000101953EEF5F7930746900000000",
152748,3915869,"2026-01-24 02:38:26",1769222306,"spasic","07000D0020000000D335D33573362036",
152774,3915910,"2026-01-24 02:39:07",1769222347,"spasic","49000101E53EEF5FC930746900000000",
152800,3915950,"2026-01-24 02:39:47",1769222387,"spasic","07000D0020000000D335D33573362036",
152827,3915991,"2026-01-24 02:40:28",1769222428,"spasic","49000101353FEF5F1A31746900000000",
152854,3916031,"2026-01-24 02:41:08",1769222468,"spasic","07000D0020000000D335D33573362036",
152879,3916072,"2026-01-24 02:41:49",1769222509,"spasic","49000101853FEF5F6931746900000000",
152907,3916112,"2026-01-24 02:42:29",1769222549,"spasic","07000D0020000000D335D33573362036",
152933,3916153,"2026-01-24 02:43:10",1769222590,"spasic","49000101D53FEF5FB931746900000000",
152958,3916193,"2026-01-24 02:43:50",1769222630,"spasic","07000D0020000000D335D33573362036",
152986,3916234,"2026-01-24 02:44:31",1769222671,"spasic","490001012540EF5F0932746900000000",
153012,3916274,"2026-01-24 02:45:11",1769222711,"spasic","07000D0020000000D335D33573362036",
153037,3916315,"2026-01-24 02:45:52",1769222752,"spasic","490001017540EF5F5A32746900000000",
153065,3916355,"2026-01-24 02:46:32",1769222792,"spasic","07000D0020000000D335D33573362036",
153091,3916396,"2026-01-24 02:47:13",1769222833,"spasic","49000101C540EF5FAA32746900000000",
153116,3916436,"2026-01-24 02:47:53",1769222873,"spasic","07000D0020000000D335D33573362036",
153144,3916477,"2026-01-24 02:48:34",1769222914,"spasic","490001011541EF5FFA32746900000000",
153170,3916517,"2026-01-24 02:49:14",1769222954,"spasic","07000D0020000000D335D33573362036",
153195,3916558,"2026-01-24 02:49:55",1769222995,"spasic","490001016541EF5F4933746900000000",
153216,3916588,"2026-01-24 02:50:25",1769223025,"spasic","07000D0020000000D335D33573362036",
153242,3916629,"2026-01-24 02:51:06",1769223066,"spasic","49000101B541EF5F9933746900000000",
153268,3916669,"2026-01-24 02:51:46",1769223106,"spasic","07000D0020000000D335D33573362036",
153296,3916710,"2026-01-24 02:52:27",1769223147,"spasic","490001010542EF5FEA33746900000000",
153322,3916750,"2026-01-24 02:53:07",1769223187,"spasic","07000D0020000000D335D33573362036",
153347,3916791,"2026-01-24 02:53:48",1769223228,"spasic","490001015542EF5F3A34746900000000",
153375,3916831,"2026-01-24 02:54:28",1769223268,"spasic","07000D0020000000D335D33573362036",
153401,3916872,"2026-01-24 02:55:09",1769223309,"spasic","49000101A542EF5F8934746900000000",
153426,3916912,"2026-01-24 02:55:49",1769223349,"spasic","07000D0020000000D335D33573362036",
153454,3916953,"2026-01-24 02:56:30",1769223390,"spasic","49000101F542EF5FD834746900000000",
153480,3916993,"2026-01-24 02:57:10",1769223430,"spasic","07000D0020000000D335D33573362036",
153505,3917034,"2026-01-24 02:57:51",1769223471,"spasic","490001014543EF5F2835746900000000",
153532,3917075,"2026-01-24 02:58:31",1769223511,"spasic","07000D0020000000D335D33573362036",
153558,3917115,"2026-01-24 02:59:11",1769223551,"spasic","490001019543EF5F7835746900000000",
153583,3917156,"2026-01-24 02:59:52",1769223592,"spasic","07000D0020000000D335D33573362036",
153611,3917196,"2026-01-24 03:00:32",1769223632,"spasic","49000101E543EF5FC935746900000000",
153637,3917237,"2026-01-24 03:01:13",1769223673,"spasic","07000D0020000000D335D33573362036",
153662,3917277,"2026-01-24 03:01:53",1769223713,"spasic","490001013544EF5F1936746900000000",
153690,3917318,"2026-01-24 03:02:34",1769223754,"spasic","07000D0020000000D335D33573362036",
153710,3917348,"2026-01-24 03:03:04",1769223784,"spasic","490001018544EF5F6936746900000000",
153735,3917389,"2026-01-24 03:03:45",1769223825,"spasic","07000D0020000000D335D33573362036",
153763,3917429,"2026-01-24 03:04:25",1769223865,"spasic","49000101D544EF5FB836746900000000",
153789,3917470,"2026-01-24 03:05:06",1769223906,"spasic","07000D0020000000D335D33573362036",
153814,3917510,"2026-01-24 03:05:46",1769223946,"spasic","490001012545EF5F0837746900000000",
153842,3917551,"2026-01-24 03:06:27",1769223987,"spasic","07000D0020000000D335D33573362036",
153868,3917591,"2026-01-24 03:07:07",1769224027,"spasic","490001017545EF5F5937746900000000",
153893,3917632,"2026-01-24 03:07:48",1769224068,"spasic","07000D0020000000D335D33573362036",
153921,3917672,"2026-01-24 03:08:28",1769224108,"spasic","49000101C545EF5FA937746900000000",
153947,3917713,"2026-01-24 03:09:09",1769224149,"spasic","07000D0020000000D335D33573362036",
153972,3917753,"2026-01-24 03:09:49",1769224189,"spasic","490001011546EF5FF937746900000000",
154000,3917794,"2026-01-24 03:10:30",1769224230,"spasic","07000D0020000000D335D33573362036",
154026,3917834,"2026-01-24 03:11:10",1769224270,"spasic","490001016546EF5F4838746900000000",
154051,3917875,"2026-01-24 03:11:51",1769224311,"spasic","07000D0020000000D335D33573362036",
154079,3917915,"2026-01-24 03:12:31",1769224351,"spasic","49000101B546EF5F9838746900000000",
154105,3917956,"2026-01-24 03:13:12",1769224392,"spasic","07000D0020000000D335D33573362036",
154130,3917996,"2026-01-24 03:13:52",1769224432,"spasic","490001010547EF5FE838746900000000",
154158,3918037,"2026-01-24 03:14:33",1769224473,"spasic","07000D0020000000D335D33573362036",
154184,3918077,"2026-01-24 03:15:13",1769224513,"spasic","490001015547EF5F3939746900000000",
154209,3918118,"2026-01-24 03:15:54",1769224554,"spasic","07000D0020000000D335D33573362036",
154231,3918148,"2026-01-24 03:16:24",1769224584,"spasic","49000101A547EF5F8939746900000000",
154257,3918189,"2026-01-24 03:17:05",1769224625,"spasic","07000D0020000000D335D33573362036",
154282,3918229,"2026-01-24 03:17:45",1769224665,"spasic","49000101F547EF5FD939746900000000",
154310,3918270,"2026-01-24 03:18:26",1769224706,"spasic","07000D0020000000D335D33573362036",
154336,3918310,"2026-01-24 03:19:06",1769224746,"spasic","490001014548EF5F283A746900000000",
154361,3918351,"2026-01-24 03:19:47",1769224787,"spasic","07000D0020000000D335D33573362036",
154389,3918391,"2026-01-24 03:20:27",1769224827,"spasic","490001019548EF5F783A746900000000",
154415,3918432,"2026-01-24 03:21:08",1769224868,"spasic","07000D0020000000D335D33573362036",
154440,3918472,"2026-01-24 03:21:48",1769224908,"spasic","49000101E548EF5FC93A746900000000",
154468,3918513,"2026-01-24 03:22:29",1769224949,"spasic","07000D0020000000D335D33573362036",
154494,3918553,"2026-01-24 03:23:09",1769224989,"spasic","490001013549EF5F193B746900000000",
154519,3918594,"2026-01-24 03:23:50",1769225030,"spasic","07000D0020000000D335D33573362036",
154547,3918634,"2026-01-24 03:24:30",1769225070,"spasic","490001018549EF5F693B746900000000",
154573,3918675,"2026-01-24 03:25:11",1769225111,"spasic","07000D0020000000D335D33573362036",
154598,3918715,"2026-01-24 03:25:51",1769225151,"spasic","49000101D549EF5FB83B746900000000",
154626,3918756,"2026-01-24 03:26:32",1769225192,"spasic","07000D0020000000D335D33573362036",
154652,3918796,"2026-01-24 03:27:12",1769225232,"spasic","49000101254AEF5F083C746900000000",
154677,3918837,"2026-01-24 03:27:53",1769225273,"spasic","07000D0020000000D335D33573362036",
154705,3918878,"2026-01-24 03:28:34",1769225314,"spasic","49000101754AEF5F593C746900000000",
154725,3918908,"2026-01-24 03:29:04",1769225344,"spasic","07000D0020000000D335D33573362036",
154750,3918948,"2026-01-24 03:29:44",1769225384,"spasic","49000101C54AEF5FA93C746900000000",
154778,3918989,"2026-01-24 03:30:25",1769225425,"spasic","07000D0020000000D335D33573362036",
154804,3919029,"2026-01-24 03:31:05",1769225465,"spasic","49000101154BEF5FF93C746900000000",
154829,3919070,"2026-01-24 03:31:46",1769225506,"spasic","07000D0020000000D335D33573362036",
154857,3919111,"2026-01-24 03:32:27",1769225547,"spasic","49000101654BEF5F483D746900000000",
154883,3919151,"2026-01-24 03:33:07",1769225587,"spasic","07000D0020000000D335D33573362036",
154908,3919192,"2026-01-24 03:33:48",1769225628,"spasic","49000101B54BEF5F983D746900000000",
154936,3919232,"2026-01-24 03:34:28",1769225668,"spasic","07000D0020000000D335D33573362036",
154962,3919273,"2026-01-24 03:35:09",1769225709,"spasic","49000101054CEF5FE93D746900000000",
154987,3919313,"2026-01-24 03:35:49",1769225749,"spasic","07000D0020000000D335D33573362036",
155015,3919354,"2026-01-24 03:36:30",1769225790,"spasic","49000101554CEF5F3A3E746900000000",
155041,3919394,"2026-01-24 03:37:10",1769225830,"spasic","07000D0020000000D335D33573362036",
155066,3919435,"2026-01-24 03:37:51",1769225871,"spasic","49000101A54CEF5F8A3E746900000000",
155094,3919475,"2026-01-24 03:38:31",1769225911,"spasic","07000D0020000000D335D33573362036",
155120,3919516,"2026-01-24 03:39:12",1769225952,"spasic","49000101F54CEF5FD93E746900000000",
155145,3919556,"2026-01-24 03:39:52",1769225992,"spasic","07000D0020000000D335D33573362036",
155173,3919597,"2026-01-24 03:40:33",1769226033,"spasic","49000101454DEF5F293F746900000000",
155199,3919637,"2026-01-24 03:41:13",1769226073,"spasic","07000D0020000000D335D33573362036",
155224,3919678,"2026-01-24 03:41:54",1769226114,"spasic","49000101954DEF5F793F746900000000",
155246,3919708,"2026-01-24 03:42:24",1769226144,"spasic","07000D0020000000D335D33573362036",
155272,3919749,"2026-01-24 03:43:05",1769226185,"spasic","49000101E54DEF5FCA3F746900000000",
155297,3919789,"2026-01-24 03:43:45",1769226225,"spasic","07000D0020000000D335D33573362036",
155325,3919830,"2026-01-24 03:44:26",1769226266,"spasic","49000101354EEF5F1A40746900000000",
155351,3919870,"2026-01-24 03:45:06",1769226306,"spasic","07000D0020000000D335D33573362036",
155376,3919911,"2026-01-24 03:45:47",1769226347,"spasic","49000101854EEF5F6A40746900000000",
155404,3919951,"2026-01-24 03:46:27",1769226387,"spasic","07000D0020000000D335D33573362036",
155430,3919992,"2026-01-24 03:47:08",1769226428,"spasic","49000101D54EEF5FB940746900000000",
155455,3920032,"2026-01-24 03:47:48",1769226468,"spasic","07000D0020000000D335D33573362036",
155483,3920073,"2026-01-24 03:48:29",1769226509,"spasic","49000101254FEF5F0941746900000000",
155509,3920113,"2026-01-24 03:49:09",1769226549,"spasic","07000D0020000000D335D33573362036",
155534,3920154,"2026-01-24 03:49:50",1769226590,"spasic","49000101754FEF5F5841746900000000",
155562,3920194,"2026-01-24 03:50:30",1769226630,"spasic","07000D0020000000D335D33573362036",
155588,3920235,"2026-01-24 03:51:11",1769226671,"spasic","49000101C54FEF5FA941746900000000",
155613,3920275,"2026-01-24 03:51:51",1769226711,"spasic","07000D0020000000D335D33573362036",
155641,3920316,"2026-01-24 03:52:32",1769226752,"spasic","490001011550EF5FFA41746900000000",
155667,3920356,"2026-01-24 03:53:12",1769226792,"spasic","07000D0020000000D335D33573362036",
155692,3920397,"2026-01-24 03:53:53",1769226833,"spasic","490001016550EF5F4942746900000000",
155720,3920437,"2026-01-24 03:54:33",1769226873,"spasic","07000D0020000000D335D33573362036",
155740,3920468,"2026-01-24 03:55:04",1769226904,"spasic","49000101B550EF5F9842746900000000",
155765,3920508,"2026-01-24 03:55:44",1769226944,"spasic","07000D0020000000D335D33573362036",
155793,3920549,"2026-01-24 03:56:25",1769226985,"spasic","490001010551EF5FE842746900000000",
155819,3920589,"2026-01-24 03:57:05",1769227025,"spasic","07000D0020000000D335D33573362036",
155844,3920630,"2026-01-24 03:57:46",1769227066,"spasic","490001015551EF5F3943746900000000",
155872,3920670,"2026-01-24 03:58:26",1769227106,"spasic","07000D0020000000D335D33573362036",
155898,3920711,"2026-01-24 03:59:07",1769227147,"spasic","49000101A551EF5F8943746900000000",
155923,3920751,"2026-01-24 03:59:47",1769227187,"spasic","07000D0020000000D335D33573362036",
155951,3920792,"2026-01-24 04:00:28",1769227228,"spasic","49000101F551EF5FD843746900000000",
155977,3920833,"2026-01-24 04:01:09",1769227269,"spasic","07000D0020000000D335D33573362036",
156002,3920873,"2026-01-24 04:01:49",1769227309,"spasic","490001014552EF5F2844746900000000",
156030,3920914,"2026-01-24 04:02:30",1769227350,"spasic","07000D0020000000D335D33573362036",
156056,3920954,"2026-01-24 04:03:10",1769227390,"spasic","490001019552EF5F7844746900000000",
156081,3920995,"2026-01-24 04:03:51",1769227431,"spasic","07000D0020000000D335D33573362036",
156109,3921035,"2026-01-24 04:04:31",1769227471,"spasic","49000101E552EF5FC944746900000000",
156135,3921076,"2026-01-24 04:05:12",1769227512,"spasic","07000D0020000000D335D33573362036",
156160,3921116,"2026-01-24 04:05:52",1769227552,"spasic","490001013553EF5F1945746900000000",
156188,3921157,"2026-01-24 04:06:33",1769227593,"spasic","07000D0020000000D335D33573362036",
156214,3921197,"2026-01-24 04:07:13",1769227633,"spasic","490001018553EF5F6845746900000000",
156240,3921238,"2026-01-24 04:07:54",1769227674,"spasic","07000D0020000000D335D33573362036",
156261,3921268,"2026-01-24 04:08:24",1769227704,"spasic","49000101D553EF5FB845746900000000",
156287,3921309,"2026-01-24 04:09:05",1769227745,"spasic","07000D0020000000D335D33573362036",
156312,3921349,"2026-01-24 04:09:45",1769227785,"spasic","490001012554EF5F0846746900000000",
156340,3921390,"2026-01-24 04:10:26",1769227826,"spasic","07000D0020000000D335D33573362036",
156366,3921430,"2026-01-24 04:11:06",1769227866,"spasic","490001017554EF5F5946746900000000",
156391,3921471,"2026-01-24 04:11:47",1769227907,"spasic","07000D0020000000D335D33573362036",
156419,3921511,"2026-01-24 04:12:27",1769227947,"spasic","49000101C554EF5FA946746900000000",
156445,3921552,"2026-01-24 04:13:08",1769227988,"spasic","07000D0020000000D335D33573362036",
156470,3921592,"2026-01-24 04:13:48",1769228028,"spasic","490001011555EF5FF946746900000000",
156498,3921633,"2026-01-24 04:14:29",1769228069,"spasic","07000D0020000000D335D33573362036",
156524,3921673,"2026-01-24 04:15:09",1769228109,"spasic","490001016555EF5F4847746900000000",
156549,3921714,"2026-01-24 04:15:50",1769228150,"spasic","07000D0020000000D335D33573362036",
156577,3921754,"2026-01-24 04:16:30",1769228190,"spasic","49000101B555EF5F9847746900000000",
156603,3921795,"2026-01-24 04:17:11",1769228231,"spasic","07000D0020000000D335D33573362036",
156629,3921835,"2026-01-24 04:17:51",1769228271,"spasic","490001010556EF5FE847746900000000",
156656,3921876,"2026-01-24 04:18:32",1769228312,"spasic","07000D0020000000D335D33573362036",
156682,3921916,"2026-01-24 04:19:12",1769228352,"spasic","490001015556EF5F3948746900000000",
156708,3921957,"2026-01-24 04:19:53",1769228393,"spasic","07000D0020000000D335D33573362036",
156735,3921997,"2026-01-24 04:20:33",1769228433,"spasic","49000101A556EF5F8948746900000000",
156755,3922028,"2026-01-24 04:21:04",1769228464,"spasic","07000D0020000000D335D33573362036",
156779,3922068,"2026-01-24 04:21:44",1769228504,"spasic","49000101F556EF5FD848746900000000",
156807,3922109,"2026-01-24 04:22:25",1769228545,"spasic","07000D0020000000D335D33573362036",
156833,3922149,"2026-01-24 04:23:05",1769228585,"spasic","490001014557EF5F2849746900000000",
156858,3922190,"2026-01-24 04:23:46",1769228626,"spasic","07000D0020000000D335D33573362036",
156886,3922230,"2026-01-24 04:24:26",1769228666,"spasic","490001019557EF5F7849746900000000",
156912,3922271,"2026-01-24 04:25:07",1769228707,"spasic","07000D0020000000D335D33573362036",
156937,3922312,"2026-01-24 04:25:48",1769228748,"spasic","49000101E557EF5FC849746900000000",
156965,3922352,"2026-01-24 04:26:28",1769228788,"spasic","07000D0020000000D335D33573362036",
156991,3922393,"2026-01-24 04:27:09",1769228829,"spasic","490001013558EF5F194A746900000000",
157017,3922433,"2026-01-24 04:27:49",1769228869,"spasic","07000D0020000000D335D33573362036",
157044,3922474,"2026-01-24 04:28:30",1769228910,"spasic","490001018558EF5F694A746900000000",
157070,3922514,"2026-01-24 04:29:10",1769228950,"spasic","07000D0020000000D335D33573362036",
157096,3922555,"2026-01-24 04:29:51",1769228991,"spasic","49000101D558EF5FB94A746900000000",
157123,3922595,"2026-01-24 04:30:31",1769229031,"spasic","07000D0020000000D335D33573362036",
157149,3922636,"2026-01-24 04:31:12",1769229072,"spasic","490001012559EF5F094B746900000000",
157175,3922676,"2026-01-24 04:31:52",1769229112,"spasic","07000D0020000000D335D33573362036",
157202,3922717,"2026-01-24 04:32:33",1769229153,"spasic","490001017559EF5F584B746900000000",
157228,3922757,"2026-01-24 04:33:13",1769229193,"spasic","07000D0020000000D335D33573362036",
157254,3922798,"2026-01-24 04:33:54",1769229234,"spasic","49000101C559EF5FAA4B746900000000",
157275,3922828,"2026-01-24 04:34:24",1769229264,"spasic","07000D0020000000D335D33573362036",
157301,3922869,"2026-01-24 04:35:05",1769229305,"spasic","49000101155AEF5FFA4B746900000000",
157326,3922909,"2026-01-24 04:35:45",1769229345,"spasic","07000D0020000000D335D33573362036",
157354,3922950,"2026-01-24 04:36:26",1769229386,"spasic","49000101655AEF5F494C746900000000",
157380,3922990,"2026-01-24 04:37:06",1769229426,"spasic","07000D0020000000D335D33573362036",
157405,3923031,"2026-01-24 04:37:47",1769229467,"spasic","49000101B55AEF5F994C746900000000",
157433,3923071,"2026-01-24 04:38:27",1769229507,"spasic","07000D0020000000D335D33573362036",
157459,3923112,"2026-01-24 04:39:08",1769229548,"spasic","49000101055BEF5FE94C746900000000",
157485,3923152,"2026-01-24 04:39:48",1769229588,"spasic","07000D0020000000D335D33573362036",
157512,3923193,"2026-01-24 04:40:29",1769229629,"spasic","49000101555BEF5F3A4D746900000000",
157538,3923233,"2026-01-24 04:41:09",1769229669,"spasic","07000D0020000000D335D33573362036",
157564,3923274,"2026-01-24 04:41:50",1769229710,"spasic","49000101A55BEF5F894D746900000000",
157591,3923314,"2026-01-24 04:42:30",1769229750,"spasic","07000D0020000000D335D33573362036",
157617,3923355,"2026-01-24 04:43:11",1769229791,"spasic","49000101F55BEF5FD84D746900000000",
157643,3923395,"2026-01-24 04:43:51",1769229831,"spasic","07000D0020000000D335D33573362036",
157670,3923436,"2026-01-24 04:44:32",1769229872,"spasic","49000101455CEF5F294E746900000000",
157696,3923476,"2026-01-24 04:45:12",1769229912,"spasic","07000D0020000000D335D33573362036",
157722,3923517,"2026-01-24 04:45:53",1769229953,"spasic","49000101955CEF5F794E746900000000",
157749,3923557,"2026-01-24 04:46:33",1769229993,"spasic","07000D0020000000D335D33573362036",
157769,3923588,"2026-01-24 04:47:04",1769230024,"spasic","49000101E55CEF5FC94E746900000000",
157794,3923628,"2026-01-24 04:47:44",1769230064,"spasic","07000D0020000000D335D33573362036",
157822,3923669,"2026-01-24 04:48:25",1769230105,"spasic","49000101355DEF5F194F746900000000",
157848,3923709,"2026-01-24 04:49:05",1769230145,"spasic","07000D0020000000D335D33573362036",
157874,3923750,"2026-01-24 04:49:46",1769230186,"spasic","49000101855DEF5F694F746900000000",
157901,3923790,"2026-01-24 04:50:26",1769230226,"spasic","07000D0020000000D335D33573362036",
157927,3923831,"2026-01-24 04:51:07",1769230267,"spasic","49000101D55DEF5FB84F746900000000",
157953,3923871,"2026-01-24 04:51:47",1769230307,"spasic","07000D0020000000D335D33573362036",
157980,3923912,"2026-01-24 04:52:28",1769230348,"spasic","49000101255EEF5F0850746900000000",
158006,3923952,"2026-01-24 04:53:08",1769230388,"spasic","07000D0020000000D335D33573362036",
158032,3923993,"2026-01-24 04:53:49",1769230429,"spasic","49000101755EEF5F5850746900000000",
158059,3924033,"2026-01-24 04:54:29",1769230469,"spasic","07000D0020000000D335D33573362036",
158085,3924074,"2026-01-24 04:55:10",1769230510,"spasic","49000101C55EEF5FA950746900000000",
158111,3924115,"2026-01-24 04:55:51",1769230551,"spasic","07000D0020000000D335D33573362036",
158138,3924155,"2026-01-24 04:56:31",1769230591,"spasic","49000101155FEF5FF950746900000000",
158164,3924196,"2026-01-24 04:57:12",1769230632,"spasic","07000D0020000000D335D33573362036",
158190,3924236,"2026-01-24 04:57:52",1769230672,"spasic","49000101655FEF5F4851746900000000",
158217,3924277,"2026-01-24 04:58:33",1769230713,"spasic","07000D0020000000D335D33573362036",
158243,3924317,"2026-01-24 04:59:13",1769230753,"spasic","49000101B55FEF5F9851746900000000",
158270,3924358,"2026-01-24 04:59:54",1769230794,"spasic","07000D0020000000D335D33573362036",
158290,3924388,"2026-01-24 05:00:24",1769230824,"spasic","490001010560EF5FE851746900000000",
158316,3924429,"2026-01-24 05:01:05",1769230865,"spasic","07000D0020000000D335D33573362036",
158342,3924469,"2026-01-24 05:01:45",1769230905,"spasic","490001015560EF5F3952746900000000",
158369,3924510,"2026-01-24 05:02:26",1769230946,"spasic","07000D0020000000D335D33573362036",
158395,3924550,"2026-01-24 05:03:06",1769230986,"spasic","49000101A560EF5F8952746900000000",
158421,3924591,"2026-01-24 05:03:47",1769231027,"spasic","07000D0020000000D335D33573362036",
158448,3924631,"2026-01-24 05:04:27",1769231067,"spasic","49000101F560EF5FD852746900000000",
158474,3924672,"2026-01-24 05:05:08",1769231108,"spasic","07000D0020000000D335D33573362036",
158500,3924712,"2026-01-24 05:05:48",1769231148,"spasic","490001014561EF5F2853746900000000",
158527,3924753,"2026-01-24 05:06:29",1769231189,"spasic","07000D0020000000D335D33573362036",
158553,3924793,"2026-01-24 05:07:09",1769231229,"spasic","490001019561EF5F7853746900000000",
158579,3924834,"2026-01-24 05:07:50",1769231270,"spasic","07000D0020000000D335D33573362036",
158606,3924874,"2026-01-24 05:08:30",1769231310,"spasic","49000101E561EF5FC953746900000000",
158632,3924915,"2026-01-24 05:09:11",1769231351,"spasic","07000D0020000000D335D33573362036",
158659,3924955,"2026-01-24 05:09:51",1769231391,"spasic","490001013562EF5F1954746900000000",
158685,3924996,"2026-01-24 05:10:32",1769231432,"spasic","07000D0020000000D335D33573362036",
158711,3925036,"2026-01-24 05:11:12",1769231472,"spasic","490001018562EF5F6954746900000000",
158738,3925077,"2026-01-24 05:11:53",1769231513,"spasic","07000D0020000000D335D33573362036",
158764,3925117,"2026-01-24 05:12:33",1769231553,"spasic","49000101D562EF5FB854746900000000",
158784,3925148,"2026-01-24 05:13:04",1769231584,"spasic","07000D0020000000D335D33573362036",
158810,3925188,"2026-01-24 05:13:44",1769231624,"spasic","490001012563EF5F0855746900000000",
158837,3925229,"2026-01-24 05:14:25",1769231665,"spasic","07000D0020000000D335D33573362036",
158863,3925269,"2026-01-24 05:15:05",1769231705,"spasic","490001017563EF5F5855746900000000",
158889,3925310,"2026-01-24 05:15:46",1769231746,"spasic","07000D0020000000D335D33573362036",
158916,3925350,"2026-01-24 05:16:26",1769231786,"spasic","49000101C563EF5FA955746900000000",
158942,3925391,"2026-01-24 05:17:07",1769231827,"spasic","07000D0020000000D335D33573362036",
158968,3925431,"2026-01-24 05:17:47",1769231867,"spasic","490001011564EF5FF955746900000000",
158995,3925472,"2026-01-24 05:18:28",1769231908,"spasic","07000D0020000000D335D33573362036",
159021,3925512,"2026-01-24 05:19:08",1769231948,"spasic","490001016564EF5F4856746900000000",
159048,3925553,"2026-01-24 05:19:49",1769231989,"spasic","07000D0020000000D335D33573362036",
159074,3925593,"2026-01-24 05:20:29",1769232029,"spasic","49000101B564EF5F9856746900000000",
159100,3925634,"2026-01-24 05:21:10",1769232070,"spasic","07000D0020000000D335D33573362036",
159127,3925674,"2026-01-24 05:21:50",1769232110,"spasic","490001010565EF5FE856746900000000",
159153,3925715,"2026-01-24 05:22:31",1769232151,"spasic","07000D0020000000D335D33573362036",
159179,3925755,"2026-01-24 05:23:11",1769232191,"spasic","490001015565EF5F3957746900000000",
159206,3925796,"2026-01-24 05:23:52",1769232232,"spasic","07000D0020000000D335D33573362036",
159232,3925837,"2026-01-24 05:24:33",1769232273,"spasic","49000101A565EF5F8957746900000000",
159258,3925877,"2026-01-24 05:25:13",1769232313,"spasic","07000D0020000000D335D33573362036",
159285,3925918,"2026-01-24 05:25:54",1769232354,"spasic","49000101F565EF5FD857746900000000",
159305,3925948,"2026-01-24 05:26:24",1769232384,"spasic","07000D0020000000D335D33573362036",
159331,3925988,"2026-01-24 05:27:04",1769232424,"spasic","490001014566EF5F2858746900000000",
159357,3926029,"2026-01-24 05:27:45",1769232465,"spasic","07000D0020000000D335D33573362036",
159384,3926070,"2026-01-24 05:28:26",1769232506,"spasic","490001019566EF5F7858746900000000",
159410,3926110,"2026-01-24 05:29:06",1769232546,"spasic","07000D0020000000D335D33573362036",
159437,3926151,"2026-01-24 05:29:47",1769232587,"spasic","49000101E566EF5FC858746900000000",
159463,3926191,"2026-01-24 05:30:27",1769232627,"spasic","07000D0020000000D335D33573362036",
159489,3926232,"2026-01-24 05:31:08",1769232668,"spasic","490001013567EF5F1959746900000000",
159516,3926272,"2026-01-24 05:31:48",1769232708,"spasic","07000D0020000000D335D33573362036",
159542,3926313,"2026-01-24 05:32:29",1769232749,"spasic","490001018567EF5F6859746900000000",
159568,3926353,"2026-01-24 05:33:09",1769232789,"spasic","07000D0020000000D335D33573362036",
159595,3926394,"2026-01-24 05:33:50",1769232830,"spasic","49000101D567EF5FB959746900000000",
159621,3926434,"2026-01-24 05:34:30",1769232870,"spasic","07000D0020000000D335D33573362036",
159647,3926475,"2026-01-24 05:35:11",1769232911,"spasic","490001012568EF5F095A746900000000",
159674,3926515,"2026-01-24 05:35:51",1769232951,"spasic","07000D0020000000D335D33573362036",
159700,3926556,"2026-01-24 05:36:32",1769232992,"spasic","490001017568EF5F595A746900000000",
159726,3926596,"2026-01-24 05:37:12",1769233032,"spasic","07000D0020000000D335D33573362036",
159753,3926637,"2026-01-24 05:37:53",1769233073,"spasic","49000101C568EF5FAA5A746900000000",
159779,3926677,"2026-01-24 05:38:33",1769233113,"spasic","07000D0020000000D335D33573362036",
159799,3926708,"2026-01-24 05:39:04",1769233144,"spasic","490001011569EF5FFA5A746900000000",
159825,3926748,"2026-01-24 05:39:44",1769233184,"spasic","07000D0020000000D335D33573362036",
159852,3926789,"2026-01-24 05:40:25",1769233225,"spasic","490001016569EF5F495B746900000000",
159878,3926829,"2026-01-24 05:41:05",1769233265,"spasic","07000D0020000000D335D33573362036",
159905,3926870,"2026-01-24 05:41:46",1769233306,"spasic","49000101B569EF5F985B746900000000",
159931,3926910,"2026-01-24 05:42:26",1769233346,"spasic","07000D0020000000D335D33573362036",
159957,3926951,"2026-01-24 05:43:07",1769233387,"spasic","49000101056AEF5FE85B746900000000",
159984,3926991,"2026-01-24 05:43:47",1769233427,"spasic","07000D0020000000D335D33573362036",
160010,3927032,"2026-01-24 05:44:28",1769233468,"spasic","49000101556AEF5F395C746900000000",
160036,3927072,"2026-01-24 05:45:08",1769233508,"spasic","07000D0020000000D335D33573362036",
160054,3932117,"2026-01-24 07:09:13",1769238553,"spasic","07000D0020000000D335D33573362036",
160082,3932157,"2026-01-24 07:09:53",1769238593,"spasic","49000101557EEF5F3870746900000000",
160102,3932188,"2026-01-24 07:10:24",1769238624,"spasic","07000D0020000000D335D33573362036",
160127,3932228,"2026-01-24 07:11:04",1769238664,"spasic","49000101A57EEF5F8970746900000000",
160155,3932269,"2026-01-24 07:11:45",1769238705,"spasic","07000D0020000000D335D33573362036",
160181,3932309,"2026-01-24 07:12:25",1769238745,"spasic","49000101F57EEF5FD870746900000000",
160206,3932350,"2026-01-24 07:13:06",1769238786,"spasic","07000D0020000000D335D33573362036",
160234,3932390,"2026-01-24 07:13:46",1769238826,"spasic","49000101457FEF5F2871746900000000",
160260,3932431,"2026-01-24 07:14:27",1769238867,"spasic","07000D0020000000D335D33573362036",
160285,3932471,"2026-01-24 07:15:07",1769238907,"spasic","49000101957FEF5F7871746900000000",
160313,3932512,"2026-01-24 07:15:48",1769238948,"spasic","07000D0020000000D335D33573362036",
160339,3932552,"2026-01-24 07:16:28",1769238988,"spasic","49000101E57FEF5FC871746900000000",
160364,3932593,"2026-01-24 07:17:09",1769239029,"spasic","07000D0020000000D335D33573362036",
160392,3932633,"2026-01-24 07:17:49",1769239069,"spasic","490001013580EF5F1972746900000000",
160418,3932674,"2026-01-24 07:18:30",1769239110,"spasic","07000D0020000000D335D33573362036",
160443,3932715,"2026-01-24 07:19:11",1769239151,"spasic","490001018580EF5F6872746900000000",
160471,3932755,"2026-01-24 07:19:51",1769239191,"spasic","07000D0020000000D335D33573362036",
160497,3932796,"2026-01-24 07:20:32",1769239232,"spasic","49000101D580EF5FB872746900000000",
160522,3932836,"2026-01-24 07:21:12",1769239272,"spasic","07000D0020000000D335D33573362036",
160550,3932877,"2026-01-24 07:21:53",1769239313,"spasic","490001012581EF5F0873746900000000",
160576,3932917,"2026-01-24 07:22:33",1769239353,"spasic","07000D0020000000D335D33573362036",
160601,3932958,"2026-01-24 07:23:14",1769239394,"spasic","490001017581EF5F5873746900000000",
160623,3932988,"2026-01-24 07:23:44",1769239424,"spasic","07000D0020000000D335D33573362036",
160649,3933029,"2026-01-24 07:24:25",1769239465,"spasic","49000101C581EF5FA973746900000000",
160674,3933069,"2026-01-24 07:25:05",1769239505,"spasic","07000D0020000000D335D33573362036",
160702,3933110,"2026-01-24 07:25:46",1769239546,"spasic","490001011582EF5FF873746900000000",
160728,3933150,"2026-01-24 07:26:26",1769239586,"spasic","07000D0020000000D335D33573362036",
160753,3933191,"2026-01-24 07:27:07",1769239627,"spasic","490001016582EF5F4874746900000000",
160781,3933231,"2026-01-24 07:27:47",1769239667,"spasic","07000D0020000000D335D33573362036",
160807,3933272,"2026-01-24 07:28:28",1769239708,"spasic","49000101B582EF5F9874746900000000",
160832,3933312,"2026-01-24 07:29:08",1769239748,"spasic","07000D0020000000D335D33573362036",
160860,3933353,"2026-01-24 07:29:49",1769239789,"spasic","490001010583EF5FE874746900000000",
160886,3933393,"2026-01-24 07:30:29",1769239829,"spasic","07000D0020000000D335D33573362036",
160911,3933434,"2026-01-24 07:31:10",1769239870,"spasic","490001015583EF5F3875746900000000",
160939,3933474,"2026-01-24 07:31:50",1769239910,"spasic","07000D0020000000D335D33573362036",
160965,3933515,"2026-01-24 07:32:31",1769239951,"spasic","49000101A583EF5F8875746900000000",
160990,3933555,"2026-01-24 07:33:11",1769239991,"spasic","07000D0020000000D335D33573362036",
161018,3933596,"2026-01-24 07:33:52",1769240032,"spasic","49000101F583EF5FD875746900000000",
161044,3933636,"2026-01-24 07:34:32",1769240072,"spasic","07000D0020000000D335D33573362036",
161069,3933677,"2026-01-24 07:35:13",1769240113,"spasic","490001014584EF5F2876746900000000",
161097,3933717,"2026-01-24 07:35:53",1769240153,"spasic","07000D0020000000D335D33573362036",
161117,3933748,"2026-01-24 07:36:24",1769240184,"spasic","490001019584EF5F7876746900000000",
161142,3933788,"2026-01-24 07:37:04",1769240224,"spasic","07000D0020000000D335D33573362036",
161170,3933829,"2026-01-24 07:37:45",1769240265,"spasic","49000101E584EF5FC876746900000000",
161196,3933869,"2026-01-24 07:38:25",1769240305,"spasic","07000D0020000000D335D33573362036",
161221,3933910,"2026-01-24 07:39:06",1769240346,"spasic","490001013585EF5F1877746900000000",
161249,3933950,"2026-01-24 07:39:46",1769240386,"spasic","07000D0020000000D335D33573362036",
161275,3933991,"2026-01-24 07:40:27",1769240427,"spasic","490001018585EF5F6877746900000000",
161300,3934031,"2026-01-24 07:41:07",1769240467,"spasic","07000D0020000000D335D33573362036",
161328,3934072,"2026-01-24 07:41:48",1769240508,"spasic","49000101D585EF5FB877746900000000",
161354,3934112,"2026-01-24 07:42:28",1769240548,"spasic","07000D0020000000D335D33573362036",
161379,3934153,"2026-01-24 07:43:09",1769240589,"spasic","490001012586EF5F0878746900000000",
161407,3934193,"2026-01-24 07:43:49",1769240629,"spasic","07000D0020000000D335D33573362036",
161433,3934234,"2026-01-24 07:44:30",1769240670,"spasic","490001017586EF5F5878746900000000",
161458,3934274,"2026-01-24 07:45:10",1769240710,"spasic","07000D0020000000D335D33573362036",
161486,3934315,"2026-01-24 07:45:51",1769240751,"spasic","49000101C586EF5FA878746900000000",
161512,3934355,"2026-01-24 07:46:31",1769240791,"spasic","07000D0020000000D335D33573362036",
161537,3934396,"2026-01-24 07:47:12",1769240832,"spasic","490001011587EF5FF978746900000000",
161565,3934437,"2026-01-24 07:47:53",1769240873,"spasic","07000D0020000000D335D33573362036",
161591,3934477,"2026-01-24 07:48:33",1769240913,"spasic","490001016587EF5F4879746900000000",
161617,3934518,"2026-01-24 07:49:14",1769240954,"spasic","07000D0020000000D335D33573362036",
161638,3934548,"2026-01-24 07:49:44",1769240984,"spasic","49000101B587EF5F9879746900000000",
161664,3934588,"2026-01-24 07:50:24",1769241024,"spasic","07000D0020000000D335D33573362036",
161689,3934629,"2026-01-24 07:51:05",1769241065,"spasic","490001010588EF5FE879746900000000",
161717,3934670,"2026-01-24 07:51:46",1769241106,"spasic","07000D0020000000D335D33573362036",
161743,3934710,"2026-01-24 07:52:26",1769241146,"spasic","490001015588EF5F387A746900000000",
161768,3934751,"2026-01-24 07:53:07",1769241187,"spasic","07000D0020000000D335D33573362036",
161796,3934791,"2026-01-24 07:53:47",1769241227,"spasic","49000101A588EF5F897A746900000000",
161822,3934832,"2026-01-24 07:54:28",1769241268,"spasic","07000D0020000000D335D33573362036",
161847,3934872,"2026-01-24 07:55:08",1769241308,"spasic","49000101F588EF5FD87A746900000000",
161875,3934913,"2026-01-24 07:55:49",1769241349,"spasic","07000D0020000000D335D33573362036",
161901,3934953,"2026-01-24 07:56:29",1769241389,"spasic","490001014589EF5F287B746900000000",
161926,3934994,"2026-01-24 07:57:10",1769241430,"spasic","07000D0020000000D335D33573362036",
161954,3935034,"2026-01-24 07:57:50",1769241470,"spasic","490001019589EF5F787B746900000000",
161980,3935075,"2026-01-24 07:58:31",1769241511,"spasic","07000D0020000000D335D33573362036",
162006,3935115,"2026-01-24 07:59:11",1769241551,"spasic","49000101E589EF5FC87B746900000000",
162033,3935156,"2026-01-24 07:59:52",1769241592,"spasic","07000D0020000000D335D33573362036",
162059,3935196,"2026-01-24 08:00:32",1769241632,"spasic","49000101358AEF5F187C746900000000",
162085,3935237,"2026-01-24 08:01:13",1769241673,"spasic","07000D0020000000D335D33573362036",
162112,3935277,"2026-01-24 08:01:53",1769241713,"spasic","49000101858AEF5F687C746900000000",
162132,3935308,"2026-01-24 08:02:24",1769241744,"spasic","07000D0020000000D335D33573362036",
162157,3935348,"2026-01-24 08:03:04",1769241784,"spasic","49000101D58AEF5FB87C746900000000",
162185,3935389,"2026-01-24 08:03:45",1769241825,"spasic","07000D0020000000D335D33573362036",
162211,3935429,"2026-01-24 08:04:25",1769241865,"spasic","49000101258BEF5F087D746900000000",
162236,3935470,"2026-01-24 08:05:06",1769241906,"spasic","07000D0020000000D335D33573362036",
162264,3935510,"2026-01-24 08:05:46",1769241946,"spasic","49000101758BEF5F587D746900000000",
162290,3935551,"2026-01-24 08:06:27",1769241987,"spasic","07000D0020000000D335D33573362036",
162315,3935591,"2026-01-24 08:07:07",1769242027,"spasic","49000101C58BEF5FA87D746900000000",
162343,3935632,"2026-01-24 08:07:48",1769242068,"spasic","07000D0020000000D335D33573362036",
162369,3935672,"2026-01-24 08:08:28",1769242108,"spasic","49000101158CEF5FF97D746900000000",
162395,3935713,"2026-01-24 08:09:09",1769242149,"spasic","07000D0020000000D335D33573362036",
162422,3935753,"2026-01-24 08:09:49",1769242189,"spasic","49000101658CEF5F487E746900000000",
162448,3935794,"2026-01-24 08:10:30",1769242230,"spasic","07000D0020000000D335D33573362036",
162474,3935834,"2026-01-24 08:11:10",1769242270,"spasic","49000101B58CEF5F987E746900000000",
162501,3935875,"2026-01-24 08:11:51",1769242311,"spasic","07000D0020000000D335D33573362036",
162527,3935915,"2026-01-24 08:12:31",1769242351,"spasic","49000101058DEF5FE87E746900000000",
162553,3935956,"2026-01-24 08:13:12",1769242392,"spasic","07000D0020000000D335D33573362036",
162580,3935997,"2026-01-24 08:13:53",1769242433,"spasic","49000101558DEF5F387F746900000000",
162606,3936037,"2026-01-24 08:14:33",1769242473,"spasic","07000D0020000000D335D33573362036",
162632,3936078,"2026-01-24 08:15:14",1769242514,"spasic","49000101A58DEF5F897F746900000000",
162653,3936108,"2026-01-24 08:15:44",1769242544,"spasic","07000D0020000000D335D33573362036",
162679,3936148,"2026-01-24 08:16:24",1769242584,"spasic","49000101F58DEF5FD87F746900000000",
162704,3936189,"2026-01-24 08:17:05",1769242625,"spasic","07000D0020000000D335D33573362036",
162732,3936230,"2026-01-24 08:17:46",1769242666,"spasic","49000101458EEF5F2880746900000000",
162758,3936270,"2026-01-24 08:18:26",1769242706,"spasic","07000D0020000000D335D33573362036",
162783,3936311,"2026-01-24 08:19:07",1769242747,"spasic","49000101958EEF5F7880746900000000",
162811,3936351,"2026-01-24 08:19:47",1769242787,"spasic","07000D0020000000D335D33573362036",
162837,3936392,"2026-01-24 08:20:28",1769242828,"spasic","49000101E58EEF5FC780746900000000",
162863,3936432,"2026-01-24 08:21:08",1769242868,"spasic","07000D0020000000D335D33573362036",
162890,3936473,"2026-01-24 08:21:49",1769242909,"spasic","49000101358FEF5F1881746900000000",
162916,3936513,"2026-01-24 08:22:29",1769242949,"spasic","07000D0020000000D335D33573362036",
162942,3936554,"2026-01-24 08:23:10",1769242990,"spasic","49000101858FEF5F6881746900000000",
162969,3936594,"2026-01-24 08:23:50",1769243030,"spasic","07000D0020000000D335D33573362036",
162995,3936635,"2026-01-24 08:24:31",1769243071,"spasic","49000101D58FEF5FB881746900000000",
163021,3936675,"2026-01-24 08:25:11",1769243111,"spasic","07000D0020000000D335D33573362036",
163048,3936716,"2026-01-24 08:25:52",1769243152,"spasic","490001012590EF5F0882746900000000",
163074,3936756,"2026-01-24 08:26:32",1769243192,"spasic","07000D0020000000D335D33573362036",
163100,3936797,"2026-01-24 08:27:13",1769243233,"spasic","490001017590EF5F5882746900000000",
163127,3936837,"2026-01-24 08:27:53",1769243273,"spasic","07000D0020000000D335D33573362036",
163147,3936868,"2026-01-24 08:28:24",1769243304,"spasic","49000101C590EF5FA882746900000000",
163172,3936908,"2026-01-24 08:29:04",1769243344,"spasic","07000D0020000000D335D33573362036",
163200,3936949,"2026-01-24 08:29:45",1769243385,"spasic","490001011591EF5FF882746900000000",
163226,3936989,"2026-01-24 08:30:25",1769243425,"spasic","07000D0020000000D335D33573362036",
163252,3937030,"2026-01-24 08:31:06",1769243466,"spasic","490001016591EF5F4883746900000000",
163279,3937070,"2026-01-24 08:31:46",1769243506,"spasic","07000D0020000000D335D33573362036",
163304,3937111,"2026-01-24 08:32:27",1769243547,"spasic","49000101B591EF5F9883746900000000",
163330,3937151,"2026-01-24 08:33:07",1769243587,"spasic","07000D0020000000D335D33573362036",
163357,3937192,"2026-01-24 08:33:48",1769243628,"spasic","490001010592EF5FE883746900000000",
163383,3937232,"2026-01-24 08:34:28",1769243668,"spasic","07000D0020000000D335D33573362036",
163409,3937273,"2026-01-24 08:35:09",1769243709,"spasic","490001015592EF5F3884746900000000",
163436,3937313,"2026-01-24 08:35:49",1769243749,"spasic","07000D0020000000D335D33573362036",
163462,3937354,"2026-01-24 08:36:30",1769243790,"spasic","49000101A592EF5F8884746900000000",
163488,3937394,"2026-01-24 08:37:10",1769243830,"spasic","07000D0020000000D335D33573362036",
163515,3937435,"2026-01-24 08:37:51",1769243871,"spasic","49000101F592EF5FD884746900000000",
163541,3937475,"2026-01-24 08:38:31",1769243911,"spasic","07000D0020000000D335D33573362036",
163567,3937516,"2026-01-24 08:39:12",1769243952,"spasic","490001014593EF5F2885746900000000",
163594,3937557,"2026-01-24 08:39:53",1769243993,"spasic","07000D0020000000D335D33573362036",
163620,3937597,"2026-01-24 08:40:33",1769244033,"spasic","490001019593EF5F7885746900000000",
163647,3937638,"2026-01-24 08:41:14",1769244074,"spasic","07000D0020000000D335D33573362036",
163667,3937668,"2026-01-24 08:41:44",1769244104,"spasic","49000101E593EF5FC885746900000000",
163693,3937708,"2026-01-24 08:42:24",1769244144,"spasic","07000D0020000000D335D33573362036",
163719,3937749,"2026-01-24 08:43:05",1769244185,"spasic","490001013594EF5F1886746900000000",
163746,3937789,"2026-01-24 08:43:45",1769244225,"spasic","07000D0020000000D335D33573362036",
163772,3937830,"2026-01-24 08:44:26",1769244266,"spasic","490001018594EF5F6886746900000000",
163798,3937871,"2026-01-24 08:45:07",1769244307,"spasic","07000D0020000000D335D33573362036",
163825,3937911,"2026-01-24 08:45:47",1769244347,"spasic","49000101D594EF5FB886746900000000",
163851,3937952,"2026-01-24 08:46:28",1769244388,"spasic","07000D0020000000D335D33573362036",
163877,3937992,"2026-01-24 08:47:08",1769244428,"spasic","490001012595EF5F0887746900000000",
163904,3938033,"2026-01-24 08:47:49",1769244469,"spasic","07000D0020000000D335D33573362036",
163930,3938073,"2026-01-24 08:48:29",1769244509,"spasic","490001017595EF5F5887746900000000",
163956,3938114,"2026-01-24 08:49:10",1769244550,"spasic","07000D0020000000D335D33573362036",
163983,3938154,"2026-01-24 08:49:50",1769244590,"spasic","49000101C595EF5FA887746900000000",
164009,3938195,"2026-01-24 08:50:31",1769244631,"spasic","07000D0020000000D335D33573362036",
164036,3938235,"2026-01-24 08:51:11",1769244671,"spasic","490001011596EF5FF887746900000000",
164062,3938276,"2026-01-24 08:51:52",1769244712,"spasic","07000D0020000000D335D33573362036",
164088,3938316,"2026-01-24 08:52:32",1769244752,"spasic","490001016596EF5F4888746900000000",
164115,3938357,"2026-01-24 08:53:13",1769244793,"spasic","07000D0020000000D335D33573362036",
164141,3938397,"2026-01-24 08:53:53",1769244833,"spasic","49000101B596EF5F9888746900000000",
164161,3938428,"2026-01-24 08:54:24",1769244864,"spasic","07000D0020000000D335D33573362036",
164187,3938468,"2026-01-24 08:55:04",1769244904,"spasic","490001010597EF5FE888746900000000",
164214,3938509,"2026-01-24 08:55:45",1769244945,"spasic","07000D0020000000D335D33573362036",
164240,3938549,"2026-01-24 08:56:25",1769244985,"spasic","490001015597EF5F3889746900000000",
164266,3938590,"2026-01-24 08:57:06",1769245026,"spasic","07000D0020000000D335D33573362036",
164293,3938630,"2026-01-24 08:57:46",1769245066,"spasic","49000101A597EF5F8889746900000000",
164319,3938671,"2026-01-24 08:58:27",1769245107,"spasic","07000D0020000000D335D33573362036",
164345,3938711,"2026-01-24 08:59:07",1769245147,"spasic","49000101F597EF5FD889746900000000",
164372,3938752,"2026-01-24 08:59:48",1769245188,"spasic","07000D0020000000D335D33573362036",
164398,3938792,"2026-01-24 09:00:28",1769245228,"spasic","490001014598EF5F288A746900000000",
164424,3938833,"2026-01-24 09:01:09",1769245269,"spasic","07000D0020000000D335D33573362036",
164451,3938873,"2026-01-24 09:01:49",1769245309,"spasic","490001019598EF5F788A746900000000",
164477,3938914,"2026-01-24 09:02:30",1769245350,"spasic","07000D0020000000D335D33573362036",
164504,3938954,"2026-01-24 09:03:10",1769245390,"spasic","49000101E598EF5FC88A746900000000",
164530,3938995,"2026-01-24 09:03:51",1769245431,"spasic","07000D0020000000D335D33573362036",
164556,3939035,"2026-01-24 09:04:31",1769245471,"spasic","490001013599EF5F188B746900000000",
164583,3939076,"2026-01-24 09:05:12",1769245512,"spasic","07000D0020000000D335D33573362036",
164609,3939116,"2026-01-24 09:05:52",1769245552,"spasic","490001018599EF5F688B746900000000",
164635,3939157,"2026-01-24 09:06:33",1769245593,"spasic","07000D0020000000D335D33573362036",
164662,3939197,"2026-01-24 09:07:13",1769245633,"spasic","49000101D599EF5FB88B746900000000",
164682,3939228,"2026-01-24 09:07:44",1769245664,"spasic","07000D0020000000D335D33573362036",
164708,3939268,"2026-01-24 09:08:24",1769245704,"spasic","49000101259AEF5F088C746900000000",
164734,3939309,"2026-01-24 09:09:05",1769245745,"spasic","07000D0020000000D335D33573362036",
164761,3939349,"2026-01-24 09:09:45",1769245785,"spasic","49000101759AEF5F588C746900000000",
164787,3939390,"2026-01-24 09:10:26",1769245826,"spasic","07000D0020000000D335D33573362036",
164813,3939430,"2026-01-24 09:11:06",1769245866,"spasic","49000101C59AEF5FA88C746900000000",
164840,3939471,"2026-01-24 09:11:47",1769245907,"spasic","07000D0020000000D335D33573362036",
164866,3939511,"2026-01-24 09:12:27",1769245947,"spasic","49000101159BEF5FF88C746900000000",
164893,3939552,"2026-01-24 09:13:08",1769245988,"spasic","07000D0020000000D335D33573362036",
164919,3939592,"2026-01-24 09:13:48",1769246028,"spasic","49000101659BEF5F488D746900000000",
164945,3939633,"2026-01-24 09:14:29",1769246069,"spasic","07000D0020000000D335D33573362036",
164972,3939674,"2026-01-24 09:15:10",1769246110,"spasic","49000101B59BEF5F988D746900000000",
164998,3939714,"2026-01-24 09:15:50",1769246150,"spasic","07000D0020000000D335D33573362036",
165024,3939755,"2026-01-24 09:16:31",1769246191,"spasic","49000101059CEF5FE78D746900000000",
165051,3939795,"2026-01-24 09:17:11",1769246231,"spasic","07000D0020000000D335D33573362036",
165077,3939836,"2026-01-24 09:17:52",1769246272,"spasic","49000101559CEF5F388E746900000000",
165103,3939876,"2026-01-24 09:18:32",1769246312,"spasic","07000D0020000000D335D33573362036",
165130,3939917,"2026-01-24 09:19:13",1769246353,"spasic","49000101A59CEF5F888E746900000000",
165156,3939957,"2026-01-24 09:19:53",1769246393,"spasic","07000D0020000000D335D33573362036",
165176,3939988,"2026-01-24 09:20:24",1769246424,"spasic","49000101F59CEF5FD78E746900000000",
165202,3940028,"2026-01-24 09:21:04",1769246464,"spasic","07000D0020000000D335D33573362036",
165229,3940069,"2026-01-24 09:21:45",1769246505,"spasic","49000101459DEF5F278F746900000000",
165255,3940109,"2026-01-24 09:22:25",1769246545,"spasic","07000D0020000000D335D33573362036",
165281,3940150,"2026-01-24 09:23:06",1769246586,"spasic","49000101959DEF5F788F746900000000",
165308,3940190,"2026-01-24 09:23:46",1769246626,"spasic","07000D0020000000D335D33573362036",
165334,3940231,"2026-01-24 09:24:27",1769246667,"spasic","49000101E59DEF5FC88F746900000000",
165361,3940271,"2026-01-24 09:25:07",1769246707,"spasic","07000D0020000000D335D33573362036",
165387,3940312,"2026-01-24 09:25:48",1769246748,"spasic","49000101359EEF5F1890746900000000",
165413,3940352,"2026-01-24 09:26:28",1769246788,"spasic","07000D0020000000D335D33573362036",
165440,3940393,"2026-01-24 09:27:09",1769246829,"spasic","49000101859EEF5F6890746900000000",
165466,3940433,"2026-01-24 09:27:49",1769246869,"spasic","07000D0020000000D335D33573362036",
165492,3940474,"2026-01-24 09:28:30",1769246910,"spasic","49000101D59EEF5FB890746900000000",
165519,3940514,"2026-01-24 09:29:10",1769246950,"spasic","07000D0020000000D335D33573362036",
165545,3940555,"2026-01-24 09:29:51",1769246991,"spasic","49000101259FEF5F0891746900000000",
165571,3940595,"2026-01-24 09:30:31",1769247031,"spasic","07000D0020000000D335D33573362036",
165598,3940636,"2026-01-24 09:31:12",1769247072,"spasic","49000101759FEF5F5891746900000000",
165624,3940676,"2026-01-24 09:31:52",1769247112,"spasic","07000D0020000000D335D33573362036",
165650,3940717,"2026-01-24 09:32:33",1769247153,"spasic","49000101C59FEF5FA891746900000000",
165677,3940757,"2026-01-24 09:33:13",1769247193,"spasic","07000D0020000000D335D33573362036",
165697,3940788,"2026-01-24 09:33:44",1769247224,"spasic","4900010115A0EF5FF891746900000000",
165723,3940828,"2026-01-24 09:34:24",1769247264,"spasic","07000D0020000000D335D33573362036",
165750,3940869,"2026-01-24 09:35:05",1769247305,"spasic","4900010165A0EF5F4892746900000000",
165776,3940909,"2026-01-24 09:35:45",1769247345,"spasic","07000D0020000000D335D33573362036",
165802,3940950,"2026-01-24 09:36:26",1769247386,"spasic","49000101B5A0EF5F9892746900000000",
165829,3940990,"2026-01-24 09:37:06",1769247426,"spasic","07000D0020000000D335D33573362036",
165855,3941031,"2026-01-24 09:37:47",1769247467,"spasic","4900010105A1EF5FE892746900000000",
165881,3941071,"2026-01-24 09:38:27",1769247507,"spasic","07000D0020000000D335D33573362036",
165908,3941112,"2026-01-24 09:39:08",1769247548,"spasic","4900010155A1EF5F3893746900000000",
165934,3941152,"2026-01-24 09:39:48",1769247588,"spasic","07000D0020000000D335D33573362036",
165960,3941193,"2026-01-24 09:40:29",1769247629,"spasic","49000101A5A1EF5F8893746900000000",
165987,3941233,"2026-01-24 09:41:09",1769247669,"spasic","07000D0020000000D335D33573362036",
166013,3941274,"2026-01-24 09:41:50",1769247710,"spasic","49000101F5A1EF5FD893746900000000",
166039,3941314,"2026-01-24 09:42:30",1769247750,"spasic","07000D0020000000D335D33573362036",
166066,3941355,"2026-01-24 09:43:11",1769247791,"spasic","4900010145A2EF5F2894746900000000",
166093,3941396,"2026-01-24 09:43:52",1769247832,"spasic","07000D0020000000D335D33573362036",
166118,3941436,"2026-01-24 09:44:32",1769247872,"spasic","4900010195A2EF5F7894746900000000",
166146,3941477,"2026-01-24 09:45:13",1769247913,"spasic","07000D0020000000D335D33573362036",
166172,3941517,"2026-01-24 09:45:53",1769247953,"spasic","49000101E5A2EF5FC894746900000000",
166191,3941547,"2026-01-24 09:46:23",1769247983,"spasic","07000D0020000000D335D33573362036",
166218,3941588,"2026-01-24 09:47:04",1769248024,"spasic","4900010135A3EF5F1895746900000000",
166244,3941629,"2026-01-24 09:47:45",1769248065,"spasic","07000D0020000000D335D33573362036",
166270,3941669,"2026-01-24 09:48:25",1769248105,"spasic","4900010185A3EF5F6895746900000000",
166297,3941710,"2026-01-24 09:49:06",1769248146,"spasic","07000D0020000000D335D33573362036",
166323,3941750,"2026-01-24 09:49:46",1769248186,"spasic","49000101D5A3EF5FB895746900000000",
166349,3941791,"2026-01-24 09:50:27",1769248227,"spasic","07000D0020000000D335D33573362036",
166376,3941831,"2026-01-24 09:51:07",1769248267,"spasic","4900010125A4EF5F0896746900000000",
166402,3941872,"2026-01-24 09:51:48",1769248308,"spasic","07000D0020000000D335D33573362036",
166428,3941912,"2026-01-24 09:52:28",1769248348,"spasic","4900010175A4EF5F5896746900000000",
166455,3941953,"2026-01-24 09:53:09",1769248389,"spasic","07000D0020000000D335D33573362036",
166481,3941993,"2026-01-24 09:53:49",1769248429,"spasic","49000101C5A4EF5FA896746900000000",
166507,3942034,"2026-01-24 09:54:30",1769248470,"spasic","07000D0020000000D335D33573362036",
166534,3942074,"2026-01-24 09:55:10",1769248510,"spasic","4900010115A5EF5FF796746900000000",
166561,3942115,"2026-01-24 09:55:51",1769248551,"spasic","07000D0020000000D335D33573362036",
